run_id,name,url,seed,epochs,stride,dropout,padding,activation,batch_size,kernel_size,channel_mult,max_channels,base_channels,learning_rate,n_conv_layers,apply_dropout_at,_step,train_accuracy,train_loss,test_accuracy,_runtime,epoch,test_loss,_timestamp,runtime_min
pz9yom7x,peach-sweep-1,https://wandb.ai/marcocassar-belmont-university/dl_class_projects-CIFAR10-CNN/runs/pz9yom7x,42,30,2,0.2,1,ReLU,64,3,2,128,32,0.0005,2,2,29,56.812,1.2201497593651647,56.27,403.836469,30,1.2362092224655636,1757370204.5703444,6.730607816666667
ryizrmb9,lyric-sweep-2,https://wandb.ai/marcocassar-belmont-university/dl_class_projects-CIFAR10-CNN/runs/ryizrmb9,42,30,2,0.2,1,ReLU,64,3,2,128,32,0.0005,3,2,29,72.464,0.7823210248861776,67.76,230.2653745,30,0.926622528179436,1757370062.0655088,3.837756241666667
cp4wz5qy,stoic-sweep-3,https://wandb.ai/marcocassar-belmont-university/dl_class_projects-CIFAR10-CNN/runs/cp4wz5qy,42,30,2,0.2,1,ReLU,64,3,2,128,32,0.0005,5,2,29,88.088,0.32541159134539194,72.46,243.1617241,30,0.9270176693892024,1757370089.9338489,4.052695401666666
9vf4nu89,denim-sweep-4,https://wandb.ai/marcocassar-belmont-university/dl_class_projects-CIFAR10-CNN/runs/9vf4nu89,42,30,2,0.2,1,ReLU,64,3,2,128,32,0.001,2,2,29,61.308,1.098382564914196,59.89,226.8409992,30,1.1272774479191774,1757370082.8303478,3.78068332
29lnmznm,zany-sweep-5,https://wandb.ai/marcocassar-belmont-university/dl_class_projects-CIFAR10-CNN/runs/29lnmznm,42,30,2,0.2,1,ReLU,64,3,2,128,32,0.001,3,2,29,80.406,0.5503536872089366,69.19,233.7025994,30,0.9570699182285625,1757370117.2667289,3.8950433233333333
rxrmio17,dainty-sweep-6,https://wandb.ai/marcocassar-belmont-university/dl_class_projects-CIFAR10-CNN/runs/rxrmio17,42,30,2,0.2,1,ReLU,64,3,2,128,32,0.001,5,2,29,87.95,0.3407664795303741,71.61,247.927271,30,1.0105967126834166,1757370242.2881203,4.132121183333333
3ztnlfzr,gentle-sweep-7,https://wandb.ai/marcocassar-belmont-university/dl_class_projects-CIFAR10-CNN/runs/3ztnlfzr,42,30,2,0.3,1,ReLU,64,3,2,128,32,0.0005,2,2,29,56.838,1.220577572770131,56.34,245.134431,30,1.2368793104104936,1757370315.3475258,4.08557385
4g7bqwy0,spring-sweep-8,https://wandb.ai/marcocassar-belmont-university/dl_class_projects-CIFAR10-CNN/runs/4g7bqwy0,42,30,2,0.3,1,ReLU,64,3,2,128,32,0.0005,3,2,29,71.104,0.8131746790369453,67.9,259.4247481,30,0.9181518239580142,1757370353.7595484,4.323745801666666
79y1pggh,jolly-sweep-9,https://wandb.ai/marcocassar-belmont-university/dl_class_projects-CIFAR10-CNN/runs/79y1pggh,42,30,2,0.3,1,ReLU,64,3,2,128,32,0.0005,5,2,29,83.504,0.46005686888914277,73.52,275.1891396,30,0.8132829903417332,1757370375.8126945,4.586485659999999
d1c3thgi,restful-sweep-10,https://wandb.ai/marcocassar-belmont-university/dl_class_projects-CIFAR10-CNN/runs/d1c3thgi,42,30,2,0.3,1,ReLU,64,3,2,128,32,0.001,2,2,29,61.15,1.1023928032964088,59.65,258.6325777,30,1.1289103247557477,1757370385.5644433,4.310542961666667
3h9acr18,earnest-sweep-11,https://wandb.ai/marcocassar-belmont-university/dl_class_projects-CIFAR10-CNN/runs/3h9acr18,42,30,2,0.3,1,ReLU,64,3,2,128,32,0.001,3,2,29,77.534,0.6278773639208216,68.35,419.0118816,30,0.9408353639256423,1757370631.0779595,6.98353136
qdmx4vxu,flowing-sweep-12,https://wandb.ai/marcocassar-belmont-university/dl_class_projects-CIFAR10-CNN/runs/qdmx4vxu,42,30,2,0.3,1,ReLU,64,3,2,128,32,0.001,5,2,29,83.106,0.4715757209931493,71.88,274.7692533,30,0.8781460533096532,1757370528.1883845,4.579487555
i0id4s87,youthful-sweep-13,https://wandb.ai/marcocassar-belmont-university/dl_class_projects-CIFAR10-CNN/runs/i0id4s87,42,30,2,0.2,1,ReLU,64,3,3,128,32,0.0005,2,2,29,58.53,1.1805287803073063,57.6,292.2326383,30,1.196855280050047,1757370615.7236311,4.870543971666667
izvqs0it,treasured-sweep-14,https://wandb.ai/marcocassar-belmont-university/dl_class_projects-CIFAR10-CNN/runs/izvqs0it,42,30,2,0.2,1,ReLU,64,3,3,128,32,0.0005,3,2,29,75.052,0.6996175333514543,68.57,265.4032403,30,0.8988517913848731,1757370628.3554428,4.423387338333333
f2z03vu6,silvery-sweep-15,https://wandb.ai/marcocassar-belmont-university/dl_class_projects-CIFAR10-CNN/runs/f2z03vu6,42,30,2,0.2,1,ReLU,64,3,3,128,32,0.0005,5,2,29,90.046,0.2770530083943206,72.62,319.094413,30,0.9775846528399522,1757370704.005632,5.318240216666666
p1iy1u5s,wandering-sweep-16,https://wandb.ai/marcocassar-belmont-university/dl_class_projects-CIFAR10-CNN/runs/p1iy1u5s,42,30,2,0.2,1,ReLU,64,3,3,128,32,0.001,2,2,29,64.184,1.0226888173376507,62.04,295.2837045,30,1.082307367188156,1757370690.87407,4.921395075
8urmlbzx,radiant-sweep-17,https://wandb.ai/marcocassar-belmont-university/dl_class_projects-CIFAR10-CNN/runs/8urmlbzx,42,30,2,0.2,1,ReLU,64,3,3,128,32,0.001,3,2,29,83.216,0.4664110177961152,68.09,300.6763525,30,1.029256448244593,1757370837.9148064,5.011272541666667
spa3h8gf,sparkling-sweep-18,https://wandb.ai/marcocassar-belmont-university/dl_class_projects-CIFAR10-CNN/runs/spa3h8gf,42,30,2,0.2,1,ReLU,64,3,3,128,32,0.001,5,2,29,89.218,0.30697861994090286,71.29,311.0382988,30,1.0607363782870542,1757370942.32724,5.1839716466666665
mqjjfm6z,ethereal-sweep-19,https://wandb.ai/marcocassar-belmont-university/dl_class_projects-CIFAR10-CNN/runs/mqjjfm6z,42,30,2,0.3,1,ReLU,64,3,3,128,32,0.0005,2,2,29,58.526,1.1805476662143113,57.63,286.6403287,30,1.197041853597969,1757370924.0249605,4.777338811666667
ivs5p2jc,clean-sweep-20,https://wandb.ai/marcocassar-belmont-university/dl_class_projects-CIFAR10-CNN/runs/ivs5p2jc,42,30,2,0.3,1,ReLU,64,3,3,128,32,0.0005,3,2,29,73.884,0.7367130330837596,68.55,413.7685644,30,0.898567144278508,1757371057.349945,6.89614274
717wwsru,warm-sweep-21,https://wandb.ai/marcocassar-belmont-university/dl_class_projects-CIFAR10-CNN/runs/717wwsru,42,30,2,0.3,1,ReLU,64,3,3,128,32,0.0005,5,2,29,85.788,0.3973595910822339,73.28,308.5961213,30,0.848171091952901,1757371009.1621041,5.143268688333333
o74ty3qe,pious-sweep-22,https://wandb.ai/marcocassar-belmont-university/dl_class_projects-CIFAR10-CNN/runs/o74ty3qe,42,30,2,0.3,1,ReLU,64,3,3,128,32,0.001,2,2,29,64.198,1.0226369250918288,62.18,288.2954858,30,1.0810897141505198,1757371002.520915,4.804924763333333
u0untnsl,rosy-sweep-23,https://wandb.ai/marcocassar-belmont-university/dl_class_projects-CIFAR10-CNN/runs/u0untnsl,42,30,2,0.3,1,ReLU,64,3,3,128,32,0.001,3,2,29,81.364,0.5200068765055493,69.04,291.6087713,30,0.9699758963220438,1757371137.9736016,4.860146188333333
fcu2xz5i,electric-sweep-24,https://wandb.ai/marcocassar-belmont-university/dl_class_projects-CIFAR10-CNN/runs/fcu2xz5i,42,30,2,0.3,1,ReLU,64,3,3,128,32,0.001,5,2,29,84.736,0.4253244174029821,72.28,298.2392391,30,0.8983337235678533,1757371234.7831419,4.970653985
q9umquoj,fallen-sweep-25,https://wandb.ai/marcocassar-belmont-university/dl_class_projects-CIFAR10-CNN/runs/q9umquoj,42,30,2,0.2,1,ReLU,128,3,2,128,32,0.0005,2,2,29,53.814,1.3008651943767773,52.98,221.7039832,30,1.3115699230870115,1757371173.6135397,3.695066386666667
aig2kmu0,fragrant-sweep-26,https://wandb.ai/marcocassar-belmont-university/dl_class_projects-CIFAR10-CNN/runs/aig2kmu0,42,30,2,0.2,1,ReLU,128,3,2,128,32,0.0005,3,2,29,67.432,0.9185480083650945,65.68,224.3425425,30,0.9779558377929881,1757371237.3679008,3.739042375
he8e5lvq,lucky-sweep-27,https://wandb.ai/marcocassar-belmont-university/dl_class_projects-CIFAR10-CNN/runs/he8e5lvq,42,30,2,0.2,1,ReLU,128,3,2,128,32,0.0005,5,2,29,86.86,0.3653732651411115,72.09,231.2656338,30,0.9231864213943481,1757371251.3889558,3.8544272299999998
ij5ys1hc,devout-sweep-28,https://wandb.ai/marcocassar-belmont-university/dl_class_projects-CIFAR10-CNN/runs/ij5ys1hc,42,30,2,0.2,1,ReLU,128,3,2,128,32,0.001,2,2,29,59.352,1.1576739032859997,58.12,356.5054331,30,1.175719925119907,1757371425.1370032,5.941757218333334
btodnly7,solar-sweep-29,https://wandb.ai/marcocassar-belmont-university/dl_class_projects-CIFAR10-CNN/runs/btodnly7,42,30,2,0.2,1,ReLU,128,3,2,128,32,0.001,3,2,29,75.486,0.6920897110801218,68.31,218.6736567,30,0.9179296425626248,1757371368.9497068,3.6445609450000003
yr9q0jbv,scarlet-sweep-30,https://wandb.ai/marcocassar-belmont-university/dl_class_projects-CIFAR10-CNN/runs/yr9q0jbv,42,30,2,0.2,1,ReLU,128,3,2,128,32,0.001,5,2,29,88.194,0.33288520444994385,71.45,225.6769013,30,0.992813891247858,1757371410.3806493,3.7612816883333333
rtgv417q,absurd-sweep-31,https://wandb.ai/marcocassar-belmont-university/dl_class_projects-CIFAR10-CNN/runs/rtgv417q,42,30,2,0.3,1,ReLU,128,3,2,128,32,0.0005,2,2,29,53.814,1.3008651943767773,52.98,211.550191,30,1.3115699230870115,1757371456.8513794,3.5258365166666668
xh556yuz,earthy-sweep-32,https://wandb.ai/marcocassar-belmont-university/dl_class_projects-CIFAR10-CNN/runs/xh556yuz,42,30,2,0.3,1,ReLU,128,3,2,128,32,0.0005,3,2,29,66.178,0.9449038397320701,65.35,214.8786249,30,0.9901961465425129,1757371460.7359996,3.581310415
lua74jks,lyric-sweep-33,https://wandb.ai/marcocassar-belmont-university/dl_class_projects-CIFAR10-CNN/runs/lua74jks,42,30,2,0.3,1,ReLU,128,3,2,128,32,0.0005,5,2,29,81.89,0.5041947364807129,73.14,220.7988269,30,0.7996860606760918,1757371484.1235044,3.679980448333333
9650kr95,hearty-sweep-34,https://wandb.ai/marcocassar-belmont-university/dl_class_projects-CIFAR10-CNN/runs/9650kr95,42,30,2,0.3,1,ReLU,128,3,2,128,32,0.001,2,2,29,59.352,1.1576739032859997,58.12,207.9839111,30,1.175719925119907,1757371586.342195,3.4663985183333335
7s6fzwqq,bright-sweep-35,https://wandb.ai/marcocassar-belmont-university/dl_class_projects-CIFAR10-CNN/runs/7s6fzwqq,42,30,2,0.3,1,ReLU,128,3,2,128,32,0.001,3,2,29,73.8,0.7413469171889907,67.9,214.3085303,30,0.9152022056941744,1757371636.8984585,3.5718088383333333
uc1a0ex6,morning-sweep-36,https://wandb.ai/marcocassar-belmont-university/dl_class_projects-CIFAR10-CNN/runs/uc1a0ex6,42,30,2,0.3,1,ReLU,128,3,2,128,32,0.001,5,2,29,83.868,0.44812582341758794,72.43,372.7384498,30,0.8621456404275532,1757371806.0508056,6.212307496666667
fodo0fdh,frosty-sweep-37,https://wandb.ai/marcocassar-belmont-university/dl_class_projects-CIFAR10-CNN/runs/fodo0fdh,42,30,2,0.2,1,ReLU,128,3,3,128,32,0.0005,2,2,29,55.132,1.2620971425415,54.74,212.993249,30,1.2698092536081242,1757371681.1509137,3.5498874833333334
6g9ssm2v,sunny-sweep-38,https://wandb.ai/marcocassar-belmont-university/dl_class_projects-CIFAR10-CNN/runs/6g9ssm2v,42,30,2,0.2,1,ReLU,128,3,3,128,32,0.0005,3,2,29,69.216,0.8720898721224207,65.51,216.3325029,30,0.9658167377302919,1757371685.2758446,3.605541715
i82inmc9,comic-sweep-39,https://wandb.ai/marcocassar-belmont-university/dl_class_projects-CIFAR10-CNN/runs/i82inmc9,42,30,2,0.2,1,ReLU,128,3,3,128,32,0.0005,5,2,29,88.73,0.31128452985030614,72.57,225.9962422,30,0.946031236195866,1757371717.439861,3.7666040366666667
l2f0ywuz,helpful-sweep-40,https://wandb.ai/marcocassar-belmont-university/dl_class_projects-CIFAR10-CNN/runs/l2f0ywuz,42,30,2,0.2,1,ReLU,128,3,3,128,32,0.001,2,2,29,60.56,1.1188437972227325,58.83,211.4727451,30,1.1526223949239225,1757371807.7528782,3.5245457516666665
lf0rdhj8,spring-sweep-41,https://wandb.ai/marcocassar-belmont-university/dl_class_projects-CIFAR10-CNN/runs/lf0rdhj8,42,30,2,0.2,1,ReLU,128,3,3,128,32,0.001,3,2,29,78.572,0.6048075253396388,68.77,215.5192634,30,0.9123021575469005,1757371861.4297333,3.5919877233333333
unp28vwm,rare-sweep-42,https://wandb.ai/marcocassar-belmont-university/dl_class_projects-CIFAR10-CNN/runs/unp28vwm,42,30,2,0.2,1,ReLU,128,3,3,128,32,0.001,5,2,29,89.972,0.28052850765035586,71.41,223.0760692,30,1.0491336768941035,1757371914.4161084,3.7179344866666666
ygyagga1,polar-sweep-43,https://wandb.ai/marcocassar-belmont-university/dl_class_projects-CIFAR10-CNN/runs/ygyagga1,42,30,2,0.3,1,ReLU,128,3,3,128,32,0.0005,2,2,29,55.132,1.2620971425415,54.74,209.4307218,30,1.2698092536081242,1757371906.9934177,3.4905120299999997
e7mq4stp,quiet-sweep-44,https://wandb.ai/marcocassar-belmont-university/dl_class_projects-CIFAR10-CNN/runs/e7mq4stp,42,30,2,0.3,1,ReLU,128,3,3,128,32,0.0005,3,2,29,68.154,0.8938715256693418,66.04,214.9228991,30,0.9674605100969725,1757371945.3564317,3.5820483183333334
yvo07oxa,noble-sweep-45,https://wandb.ai/marcocassar-belmont-university/dl_class_projects-CIFAR10-CNN/runs/yvo07oxa,42,30,2,0.3,1,ReLU,128,3,3,128,32,0.0005,5,2,29,83.996,0.44528034596187077,73.74,370.206344,30,0.8079667393165298,1757372188.5338073,6.170105733333333
3z1lv8ff,sleek-sweep-46,https://wandb.ai/marcocassar-belmont-university/dl_class_projects-CIFAR10-CNN/runs/3z1lv8ff,42,30,2,0.3,1,ReLU,128,3,3,128,32,0.001,2,2,29,60.56,1.1188437972227325,58.83,211.0777159,30,1.1526223949239225,1757372030.2083218,3.5179619316666666
tgmom28c,fragrant-sweep-47,https://wandb.ai/marcocassar-belmont-university/dl_class_projects-CIFAR10-CNN/runs/tgmom28c,42,30,2,0.3,1,ReLU,128,3,3,128,32,0.001,3,2,29,77.118,0.6469293285513777,69.35,214.1960943,30,0.8943558674824389,1757372084.8174343,3.5699349049999998
j1842qym,usual-sweep-48,https://wandb.ai/marcocassar-belmont-university/dl_class_projects-CIFAR10-CNN/runs/j1842qym,42,30,2,0.3,1,ReLU,128,3,3,128,32,0.001,5,2,29,85.614,0.4034285461887374,73.1,226.7333721,30,0.8789846595329575,1757372142.1313615,3.778889535
sksa2rfu,young-sweep-49,https://wandb.ai/marcocassar-belmont-university/dl_class_projects-CIFAR10-CNN/runs/sksa2rfu,42,30,2,0.2,1,ReLU,64,3,2,128,64,0.0005,2,2,29,62.362,1.0735077033262423,60.51,271.2026749,30,1.1129730852546207,1757372196.6083004,4.520044581666666
rpt6b4oh,polished-sweep-50,https://wandb.ai/marcocassar-belmont-university/dl_class_projects-CIFAR10-CNN/runs/rpt6b4oh,42,30,2,0.2,1,ReLU,64,3,2,128,64,0.0005,3,2,29,81.08,0.5366625783541014,70.65,282.5657418,30,0.8777406731988214,1757372236.353404,4.70942903
7dw19c7u,chocolate-sweep-51,https://wandb.ai/marcocassar-belmont-university/dl_class_projects-CIFAR10-CNN/runs/7dw19c7u,42,30,2,0.2,1,ReLU,64,3,2,128,64,0.0005,5,2,29,92.254,0.2194656283711381,72.82,312.5417514,30,1.0503547590249662,1757372390.2989578,5.20902919
fvsrdv3w,fanciful-sweep-52,https://wandb.ai/marcocassar-belmont-university/dl_class_projects-CIFAR10-CNN/runs/fvsrdv3w,42,30,2,0.2,1,ReLU,64,3,2,128,64,0.001,2,2,29,67.78,0.9248274315501113,64.29,290.3134843,30,1.0212837746188899,1757372383.8663275,4.838558071666667
fmyc1r8k,sweepy-sweep-53,https://wandb.ai/marcocassar-belmont-university/dl_class_projects-CIFAR10-CNN/runs/fmyc1r8k,42,30,2,0.2,1,ReLU,64,3,2,128,64,0.001,3,2,29,88.276,0.3232037096720217,68.13,299.3288418,30,1.1872758113654556,1757372453.2409036,4.98881403
bt5fseyq,legendary-sweep-54,https://wandb.ai/marcocassar-belmont-university/dl_class_projects-CIFAR10-CNN/runs/bt5fseyq,42,30,2,0.2,1,ReLU,64,3,2,128,64,0.001,5,2,29,90.592,0.2677310701516812,72.52,438.1173958,30,1.125229880498473,1757372637.1534977,7.301956596666667
nb2m6st0,magic-sweep-55,https://wandb.ai/marcocassar-belmont-university/dl_class_projects-CIFAR10-CNN/runs/nb2m6st0,42,30,2,0.3,1,ReLU,64,3,2,128,64,0.0005,2,2,29,62.362,1.0735077033262423,60.51,288.6553657,30,1.1129730852546207,1757372493.0668702,4.810922761666666
auy0eujh,expert-sweep-56,https://wandb.ai/marcocassar-belmont-university/dl_class_projects-CIFAR10-CNN/runs/auy0eujh,42,30,2,0.3,1,ReLU,64,3,2,128,64,0.0005,3,2,29,79.518,0.5776732299105286,70.1,300.029336,30,0.8785826320860796,1757372547.9795375,5.000488933333333
lneacxah,graceful-sweep-57,https://wandb.ai/marcocassar-belmont-university/dl_class_projects-CIFAR10-CNN/runs/lneacxah,42,30,2,0.3,1,ReLU,64,3,2,128,64,0.0005,5,2,29,88.452,0.3281712669717229,72.73,315.3605222,30,0.9169111445451238,1757372708.2083359,5.256008703333333
wwez5e54,lyric-sweep-58,https://wandb.ai/marcocassar-belmont-university/dl_class_projects-CIFAR10-CNN/runs/wwez5e54,42,30,2,0.3,1,ReLU,64,3,2,128,64,0.001,2,2,29,67.78,0.9248274315501113,64.29,292.1987145,30,1.0212837746188899,1757372694.7676802,4.869978575
e1pa8lf1,different-sweep-59,https://wandb.ai/marcocassar-belmont-university/dl_class_projects-CIFAR10-CNN/runs/e1pa8lf1,42,30,2,0.3,1,ReLU,64,3,2,128,64,0.001,3,2,29,85.64,0.39375029483338453,69.19,300.1989607,30,1.0335648078827342,1757372763.5518656,5.003316011666667
1erkam6k,astral-sweep-60,https://wandb.ai/marcocassar-belmont-university/dl_class_projects-CIFAR10-CNN/runs/1erkam6k,42,30,2,0.3,1,ReLU,64,3,2,128,64,0.001,5,2,29,86.0,0.4017798865542692,72.29,316.4766492,30,0.9086262788742211,1757372820.5020823,5.27461082
4r22zbx5,eager-sweep-61,https://wandb.ai/marcocassar-belmont-university/dl_class_projects-CIFAR10-CNN/runs/4r22zbx5,42,30,2,0.2,1,ReLU,64,3,3,128,64,0.0005,2,2,29,62.362,1.0735077033262423,60.51,291.0808099,30,1.1129730852546207,1757372848.4409869,4.851346831666667
a6uolvge,neat-sweep-62,https://wandb.ai/marcocassar-belmont-university/dl_class_projects-CIFAR10-CNN/runs/a6uolvge,42,30,2,0.2,1,ReLU,64,3,3,128,64,0.0005,3,2,29,81.08,0.5366625783541014,70.65,415.5969789,30,0.8777406731988214,1757373061.0745015,6.926616315
igtrktke,classic-sweep-63,https://wandb.ai/marcocassar-belmont-university/dl_class_projects-CIFAR10-CNN/runs/igtrktke,42,30,2,0.2,1,ReLU,64,3,3,128,64,0.0005,5,2,29,92.262,0.22037410874710517,72.75,311.2568754,30,1.0617044013776598,1757373018.0192316,5.18761459
m79d2ify,desert-sweep-64,https://wandb.ai/marcocassar-belmont-university/dl_class_projects-CIFAR10-CNN/runs/m79d2ify,42,30,2,0.2,1,ReLU,64,3,3,128,64,0.001,2,2,29,67.78,0.9248274315501113,64.29,288.6202236,30,1.0212837746188899,1757373005.4531257,4.810337059999999
ufmposv4,ethereal-sweep-65,https://wandb.ai/marcocassar-belmont-university/dl_class_projects-CIFAR10-CNN/runs/ufmposv4,42,30,2,0.2,1,ReLU,64,3,3,128,64,0.001,3,2,29,88.278,0.32428954520722486,68.05,296.6270593,30,1.1743946033678236,1757373068.9456635,4.943784321666667
9695yg4m,curious-sweep-66,https://wandb.ai/marcocassar-belmont-university/dl_class_projects-CIFAR10-CNN/runs/9695yg4m,42,30,2,0.2,1,ReLU,64,3,3,128,64,0.001,5,2,29,90.056,0.28330502797232565,70.91,310.2130743,30,1.1011666036715173,1757373138.8160508,5.170217905
f2zxjsvc,true-sweep-67,https://wandb.ai/marcocassar-belmont-university/dl_class_projects-CIFAR10-CNN/runs/f2zxjsvc,42,30,2,0.3,1,ReLU,64,3,3,128,64,0.0005,2,2,29,62.362,1.0735077033262423,60.51,285.8272541,30,1.1129730852546207,1757373142.2191005,4.763787568333333
cjw50j7n,lyric-sweep-68,https://wandb.ai/marcocassar-belmont-university/dl_class_projects-CIFAR10-CNN/runs/cjw50j7n,42,30,2,0.3,1,ReLU,64,3,3,128,64,0.0005,3,2,29,79.518,0.5776732299105286,70.1,294.2411711,30,0.8785826320860796,1757373310.162001,4.904019518333333
6v5fkx27,likely-sweep-69,https://wandb.ai/marcocassar-belmont-university/dl_class_projects-CIFAR10-CNN/runs/6v5fkx27,42,30,2,0.3,1,ReLU,64,3,3,128,64,0.0005,5,2,29,88.12,0.33425774107046446,73.1,309.7763316,30,0.9130441650843165,1757373335.6304421,5.16293886
ieyvs7m9,trim-sweep-70,https://wandb.ai/marcocassar-belmont-university/dl_class_projects-CIFAR10-CNN/runs/ieyvs7m9,42,30,2,0.3,1,ReLU,64,3,3,128,64,0.001,2,2,29,67.78,0.9248274315501113,64.29,403.0558668,30,1.0212837746188899,1757373473.4600434,6.71759778
fvyifk3b,sandy-sweep-71,https://wandb.ai/marcocassar-belmont-university/dl_class_projects-CIFAR10-CNN/runs/fvyifk3b,42,30,2,0.3,1,ReLU,64,3,3,128,64,0.001,3,2,29,85.658,0.3908462918094357,69.22,295.1650626,30,1.0342315044372705,1757373376.7431989,4.91941771
t1r3jyty,deft-sweep-72,https://wandb.ai/marcocassar-belmont-university/dl_class_projects-CIFAR10-CNN/runs/t1r3jyty,42,30,2,0.3,1,ReLU,64,3,3,128,64,0.001,5,2,29,85.79,0.40607358054126924,71.73,305.4746427,30,0.9322195603589344,1757373452.8915956,5.091244045
8vtgsd4n,grateful-sweep-73,https://wandb.ai/marcocassar-belmont-university/dl_class_projects-CIFAR10-CNN/runs/8vtgsd4n,42,30,2,0.2,1,ReLU,128,3,2,128,64,0.0005,2,2,29,59.316,1.1543814602410396,58.46,229.1106495,30,1.1786291033406802,1757373379.4108312,3.8185108249999997
s0pc6lqh,clean-sweep-74,https://wandb.ai/marcocassar-belmont-university/dl_class_projects-CIFAR10-CNN/runs/s0pc6lqh,42,30,2,0.2,1,ReLU,128,3,2,128,64,0.0005,3,2,29,74.504,0.7260218479139421,68.91,222.0932433,30,0.8927754374999034,1757373541.805511,3.7015540550000003
p9oxrqds,youthful-sweep-75,https://wandb.ai/marcocassar-belmont-university/dl_class_projects-CIFAR10-CNN/runs/p9oxrqds,42,30,2,0.2,1,ReLU,128,3,2,128,64,0.0005,5,2,29,91.05,0.2506114971035582,73.37,229.607864,30,0.969788203511057,1757373574.5046222,3.8267977333333336
sseajkfm,spring-sweep-76,https://wandb.ai/marcocassar-belmont-university/dl_class_projects-CIFAR10-CNN/runs/sseajkfm,42,30,2,0.2,1,ReLU,128,3,2,128,64,0.001,2,2,29,64.566,1.0074310785974079,62.48,215.7911498,30,1.0647227107724058,1757373600.8516707,3.5965191633333333
4fn3m3so,fast-sweep-77,https://wandb.ai/marcocassar-belmont-university/dl_class_projects-CIFAR10-CNN/runs/4fn3m3so,42,30,2,0.2,1,ReLU,128,3,2,128,64,0.001,3,2,29,84.728,0.4325808578592432,69.95,219.7984231,30,0.9506586005416098,1757373608.1520348,3.6633070516666666
7rtn4hr6,frosty-sweep-78,https://wandb.ai/marcocassar-belmont-university/dl_class_projects-CIFAR10-CNN/runs/7rtn4hr6,42,30,2,0.2,1,ReLU,128,3,2,128,64,0.001,5,2,29,90.682,0.2617820245035164,72.61,230.5752022,30,1.0188882011401503,1757373692.327878,3.842920036666667
b8dts2ey,still-sweep-79,https://wandb.ai/marcocassar-belmont-university/dl_class_projects-CIFAR10-CNN/runs/b8dts2ey,42,30,2,0.3,1,ReLU,128,3,2,128,64,0.0005,2,2,29,59.316,1.1543814602410396,58.46,353.6497628,30,1.1786291033406802,1757373839.4258938,5.894162713333333
s6w9yrmx,balmy-sweep-80,https://wandb.ai/marcocassar-belmont-university/dl_class_projects-CIFAR10-CNN/runs/s6w9yrmx,42,30,2,0.3,1,ReLU,128,3,2,128,64,0.0005,3,2,29,73.846,0.7399300531962948,68.81,193.3769902,30,0.8905541655383532,1757373746.2798874,3.2229498366666665
wg4m53zr,dutiful-sweep-81,https://wandb.ai/marcocassar-belmont-university/dl_class_projects-CIFAR10-CNN/runs/wg4m53zr,42,30,2,0.3,1,ReLU,128,3,2,128,64,0.0005,5,2,29,86.858,0.37123562528959014,74.66,231.9305807,30,0.8130162712893908,1757373814.8599727,3.8655096783333334
8ecb5y15,swept-sweep-82,https://wandb.ai/marcocassar-belmont-university/dl_class_projects-CIFAR10-CNN/runs/8ecb5y15,42,30,2,0.3,1,ReLU,128,3,2,128,64,0.001,2,2,29,64.566,1.0074310785974079,62.48,217.9793212,30,1.0647227107724058,1757373826.345027,3.6329886866666663
8ty806td,ethereal-sweep-83,https://wandb.ai/marcocassar-belmont-university/dl_class_projects-CIFAR10-CNN/runs/8ty806td,42,30,2,0.3,1,ReLU,128,3,2,128,64,0.001,3,2,29,82.478,0.48600386932987694,70.41,222.8683985,30,0.9089787972124317,1757373839.8053079,3.7144733083333334
brgudy1y,smart-sweep-84,https://wandb.ai/marcocassar-belmont-university/dl_class_projects-CIFAR10-CNN/runs/brgudy1y,42,30,2,0.3,1,ReLU,128,3,2,128,64,0.001,5,2,29,86.83,0.3734797362400138,72.71,227.6253221,30,0.8988796634764611,1757373927.837895,3.7937553683333336
hl0f32kq,atomic-sweep-85,https://wandb.ai/marcocassar-belmont-university/dl_class_projects-CIFAR10-CNN/runs/hl0f32kq,42,30,2,0.2,1,ReLU,128,3,3,128,64,0.0005,2,2,29,59.316,1.1543814602410396,58.46,211.7096958,30,1.1786291033406802,1757373967.163538,3.52849493
c6xxukeh,wild-sweep-86,https://wandb.ai/marcocassar-belmont-university/dl_class_projects-CIFAR10-CNN/runs/c6xxukeh,42,30,2,0.2,1,ReLU,128,3,3,128,64,0.0005,3,2,29,74.504,0.7260218479139421,68.91,214.5978162,30,0.8927754374999034,1757374041.0076916,3.5766302700000003
yltkr6x3,iconic-sweep-87,https://wandb.ai/marcocassar-belmont-university/dl_class_projects-CIFAR10-CNN/runs/yltkr6x3,42,30,2,0.2,1,ReLU,128,3,3,128,64,0.0005,5,2,29,91.05,0.2506114971035582,73.37,224.7551421,30,0.969788203511057,1757374060.9585052,3.745919035
8llfysiu,northern-sweep-88,https://wandb.ai/marcocassar-belmont-university/dl_class_projects-CIFAR10-CNN/runs/8llfysiu,42,30,2,0.2,1,ReLU,128,3,3,128,64,0.001,2,2,29,64.566,1.0074310785974079,62.48,353.8208542,30,1.0647227107724058,1757374204.2918203,5.897014236666666
8w7akx2a,young-sweep-89,https://wandb.ai/marcocassar-belmont-university/dl_class_projects-CIFAR10-CNN/runs/8w7akx2a,42,30,2,0.2,1,ReLU,128,3,3,128,64,0.001,3,2,29,84.728,0.4325808578592432,69.95,217.0930796,30,0.9506586005416098,1757374067.784548,3.6182179933333334
pawajgtx,prime-sweep-90,https://wandb.ai/marcocassar-belmont-university/dl_class_projects-CIFAR10-CNN/runs/pawajgtx,42,30,2,0.2,1,ReLU,128,3,3,128,64,0.001,5,2,29,90.682,0.2617820245035164,72.61,224.709996,30,1.0188882011401503,1757374162.9049487,3.7451665999999997
fuak3e94,playful-sweep-91,https://wandb.ai/marcocassar-belmont-university/dl_class_projects-CIFAR10-CNN/runs/fuak3e94,42,30,2,0.3,1,ReLU,128,3,3,128,64,0.0005,2,2,29,59.316,1.1543814602410396,58.46,212.8263081,30,1.1786291033406802,1757374199.2950346,3.5471051350000002
teckpgun,electric-sweep-92,https://wandb.ai/marcocassar-belmont-university/dl_class_projects-CIFAR10-CNN/runs/teckpgun,42,30,2,0.3,1,ReLU,128,3,3,128,64,0.0005,3,2,29,73.846,0.7399300531962948,68.81,217.7430431,30,0.8905541655383532,1757374266.9837787,3.629050718333333
wzii2b5p,lyric-sweep-93,https://wandb.ai/marcocassar-belmont-university/dl_class_projects-CIFAR10-CNN/runs/wzii2b5p,42,30,2,0.3,1,ReLU,128,3,3,128,64,0.0005,5,2,29,86.858,0.37123562528959014,74.66,227.6084603,30,0.8130162712893908,1757374297.0600708,3.793474338333333
1f8r8cy5,volcanic-sweep-94,https://wandb.ai/marcocassar-belmont-university/dl_class_projects-CIFAR10-CNN/runs/1f8r8cy5,42,30,2,0.3,1,ReLU,128,3,3,128,64,0.001,2,2,29,64.566,1.0074310785974079,62.48,215.5076697,30,1.0647227107724058,1757374294.4674544,3.5917944950000003
pk5s5zc3,tough-sweep-95,https://wandb.ai/marcocassar-belmont-university/dl_class_projects-CIFAR10-CNN/runs/pk5s5zc3,42,30,2,0.3,1,ReLU,128,3,3,128,64,0.001,3,2,29,82.478,0.48600386932987694,70.41,224.3271236,30,0.9089787972124317,1757374395.7339551,3.738785393333333
7o4gtigo,light-sweep-96,https://wandb.ai/marcocassar-belmont-university/dl_class_projects-CIFAR10-CNN/runs/7o4gtigo,42,30,2,0.3,1,ReLU,128,3,3,128,64,0.001,5,2,29,86.83,0.3734797362400138,72.71,237.3140442,30,0.8988796634764611,1757374446.7819967,3.9552340700000004
18gwrgw1,ethereal-sweep-97,https://wandb.ai/marcocassar-belmont-university/dl_class_projects-CIFAR10-CNN/runs/18gwrgw1,42,30,2,0.2,1,GELU,64,3,2,128,32,0.0005,2,2,29,57.846,1.1955913536993743,56.74,399.2251295,30,1.216600632591612,1757374615.3370907,6.653752158333333
t8cq9ot4,curious-sweep-98,https://wandb.ai/marcocassar-belmont-university/dl_class_projects-CIFAR10-CNN/runs/t8cq9ot4,42,30,2,0.2,1,GELU,64,3,2,128,32,0.0005,3,2,29,75.87,0.6820829340716457,67.85,262.5880549,30,0.9440370748756798,1757374540.088666,4.376467581666666
ky9olc8j,snowy-sweep-99,https://wandb.ai/marcocassar-belmont-university/dl_class_projects-CIFAR10-CNN/runs/ky9olc8j,42,30,2,0.2,1,GELU,64,3,2,128,32,0.0005,5,2,29,92.594,0.20728972880050656,69.9,312.4937169,30,1.2206539094068443,1757374614.4521139,5.2082286149999995
3g0sb8f0,gentle-sweep-100,https://wandb.ai/marcocassar-belmont-university/dl_class_projects-CIFAR10-CNN/runs/3g0sb8f0,42,30,2,0.2,1,GELU,64,3,2,128,32,0.001,2,2,29,62.498,1.059982322137374,59.9,292.220681,30,1.1206272290011121,1757374599.8442414,4.870344683333333
hdrj0aiu,revived-sweep-101,https://wandb.ai/marcocassar-belmont-university/dl_class_projects-CIFAR10-CNN/runs/hdrj0aiu,42,30,2,0.2,1,GELU,64,3,2,128,32,0.001,3,2,29,84.346,0.4345092459789018,67.45,304.0290383,30,1.0627667148401783,1757374708.8919523,5.067150638333334
zt4bmmsp,swept-sweep-102,https://wandb.ai/marcocassar-belmont-university/dl_class_projects-CIFAR10-CNN/runs/zt4bmmsp,42,30,2,0.2,1,GELU,64,3,2,128,32,0.001,5,2,29,91.228,0.25135785425105667,70.73,322.1982914,30,1.153085789103417,1757374780.3028486,5.369971523333334
kxj7osj9,youthful-sweep-103,https://wandb.ai/marcocassar-belmont-university/dl_class_projects-CIFAR10-CNN/runs/kxj7osj9,42,30,2,0.3,1,GELU,64,3,2,128,32,0.0005,2,2,29,57.844,1.1955919345778883,56.75,298.6532527,30,1.2165954507839907,1757374849.9332302,4.977554211666667
n1uqfz64,restful-sweep-104,https://wandb.ai/marcocassar-belmont-university/dl_class_projects-CIFAR10-CNN/runs/n1uqfz64,42,30,2,0.3,1,GELU,64,3,2,128,32,0.0005,3,2,29,74.796,0.7157306554524795,67.33,307.7304847,30,0.9383334840179249,1757374919.5022404,5.1288414116666665
nh1m9p3k,volcanic-sweep-105,https://wandb.ai/marcocassar-belmont-university/dl_class_projects-CIFAR10-CNN/runs/nh1m9p3k,42,30,2,0.3,1,GELU,64,3,2,128,32,0.0005,5,2,29,87.386,0.3501992049386434,72.62,324.3846041,30,0.9454203570724293,1757374950.6829891,5.406410068333333
fq3hwtcl,bumbling-sweep-106,https://wandb.ai/marcocassar-belmont-university/dl_class_projects-CIFAR10-CNN/runs/fq3hwtcl,42,30,2,0.3,1,GELU,64,3,2,128,32,0.001,2,2,29,62.498,1.0599833121689994,59.9,208.2850462,30,1.1206172985635745,1757374834.6646993,3.471417436666667
4tzbof5c,hopeful-sweep-107,https://wandb.ai/marcocassar-belmont-university/dl_class_projects-CIFAR10-CNN/runs/4tzbof5c,42,30,2,0.3,1,GELU,64,3,2,128,32,0.001,3,2,29,81.776,0.5046714807448485,67.69,310.3280072,30,1.0002089898297741,1757375029.5745058,5.172133453333333
cj5z9nb7,driven-sweep-108,https://wandb.ai/marcocassar-belmont-university/dl_class_projects-CIFAR10-CNN/runs/cj5z9nb7,42,30,2,0.3,1,GELU,64,3,2,128,32,0.001,5,2,29,86.92,0.3781756831957099,71.91,282.1143634,30,0.9335042458430977,1757375075.049639,4.701906056666667
samkc1da,glamorous-sweep-109,https://wandb.ai/marcocassar-belmont-university/dl_class_projects-CIFAR10-CNN/runs/samkc1da,42,30,2,0.2,1,GELU,64,3,3,128,32,0.0005,2,2,29,59.58,1.1517611532412526,57.89,399.9593261,30,1.1816633332307172,1757375244.6437745,6.665988768333333
22ahao9f,firm-sweep-110,https://wandb.ai/marcocassar-belmont-university/dl_class_projects-CIFAR10-CNN/runs/22ahao9f,42,30,2,0.2,1,GELU,64,3,3,128,32,0.0005,3,2,29,80.184,0.5628208332430676,67.84,304.6649949,30,0.9643397538145636,1757375165.010396,5.077749915
zjyd4te0,chocolate-sweep-111,https://wandb.ai/marcocassar-belmont-university/dl_class_projects-CIFAR10-CNN/runs/zjyd4te0,42,30,2,0.2,1,GELU,64,3,3,128,32,0.0005,5,2,29,94.126,0.1678310170998354,71.69,319.309277,30,1.2036929476033351,1757375250.5313208,5.321821283333334
sshmwlm4,different-sweep-112,https://wandb.ai/marcocassar-belmont-university/dl_class_projects-CIFAR10-CNN/runs/sshmwlm4,42,30,2,0.2,1,GELU,64,3,3,128,32,0.001,2,2,29,65.45,0.9846178107249463,62.43,294.7021179,30,1.0577311595534062,1757375255.5404015,4.911701965000001
wi37qq5a,atomic-sweep-113,https://wandb.ai/marcocassar-belmont-university/dl_class_projects-CIFAR10-CNN/runs/wi37qq5a,42,30,2,0.2,1,GELU,64,3,3,128,32,0.001,3,2,29,89.828,0.28269821298701686,67.21,299.1138383,30,1.2118662235083852,1757375337.437762,4.985230638333333
cx3uqnh6,skilled-sweep-114,https://wandb.ai/marcocassar-belmont-university/dl_class_projects-CIFAR10-CNN/runs/cx3uqnh6,42,30,2,0.2,1,GELU,64,3,3,128,32,0.001,5,2,29,92.638,0.214093119215668,70.16,312.3812034,30,1.191380297682088,1757375399.4289234,5.20635339
hbwb20dt,vocal-sweep-115,https://wandb.ai/marcocassar-belmont-university/dl_class_projects-CIFAR10-CNN/runs/hbwb20dt,42,30,2,0.3,1,GELU,64,3,3,128,32,0.0005,2,2,29,59.582,1.151761000799706,57.89,287.2752087,30,1.1816629437124653,1757375462.0059006,4.787920145
7v37mtun,efficient-sweep-116,https://wandb.ai/marcocassar-belmont-university/dl_class_projects-CIFAR10-CNN/runs/7v37mtun,42,30,2,0.3,1,GELU,64,3,3,128,32,0.0005,3,2,29,78.854,0.6030192204829677,67.64,412.1652004,30,0.9461903693569693,1757375667.224307,6.869420006666667
yffmyfr9,icy-sweep-117,https://wandb.ai/marcocassar-belmont-university/dl_class_projects-CIFAR10-CNN/runs/yffmyfr9,42,30,2,0.3,1,GELU,64,3,3,128,32,0.0005,5,2,29,89.862,0.28311453203734993,73.11,309.0960713,30,0.9838731321179943,1757375569.3064778,5.151601188333333
qotwoeyd,celestial-sweep-118,https://wandb.ai/marcocassar-belmont-university/dl_class_projects-CIFAR10-CNN/runs/qotwoeyd,42,30,2,0.3,1,GELU,64,3,3,128,32,0.001,2,2,29,65.45,0.9846177697181702,62.43,287.0085132,30,1.057729931394006,1757375551.741776,4.78347522
3nm0g4qz,smooth-sweep-119,https://wandb.ai/marcocassar-belmont-university/dl_class_projects-CIFAR10-CNN/runs/3nm0g4qz,42,30,2,0.3,1,GELU,64,3,3,128,32,0.001,3,2,29,87.188,0.3590660069680885,67.8,292.7751702,30,1.114058773608724,1757375640.4400182,4.87958617
77lgpxqa,pious-sweep-120,https://wandb.ai/marcocassar-belmont-university/dl_class_projects-CIFAR10-CNN/runs/77lgpxqa,42,30,2,0.3,1,GELU,64,3,3,128,32,0.001,5,2,29,88.626,0.3291494970393303,71.84,302.9134729,30,1.0077939103743074,1757375714.4334998,5.0485578816666665
iia8x9wa,avid-sweep-121,https://wandb.ai/marcocassar-belmont-university/dl_class_projects-CIFAR10-CNN/runs/iia8x9wa,42,30,2,0.2,1,GELU,128,3,2,128,32,0.0005,2,2,29,55.25,1.2676524975720573,53.99,226.9914778,30,1.277880514724345,1757375700.8590279,3.7831912966666668
pf7ug1ja,super-sweep-122,https://wandb.ai/marcocassar-belmont-university/dl_class_projects-CIFAR10-CNN/runs/pf7ug1ja,42,30,2,0.2,1,GELU,128,3,2,128,32,0.0005,3,2,29,71.388,0.8119042197151867,65.27,218.2599827,30,0.9807920259765431,1757375782.172561,3.6376663783333334
4se0ftp7,avid-sweep-123,https://wandb.ai/marcocassar-belmont-university/dl_class_projects-CIFAR10-CNN/runs/4se0ftp7,42,30,2,0.2,1,GELU,128,3,2,128,32,0.0005,5,2,29,91.72,0.2298019851755608,70.52,224.6443601,30,1.1381317716610582,1757375804.2787085,3.744072668333333
rlk46ic7,sweepy-sweep-124,https://wandb.ai/marcocassar-belmont-university/dl_class_projects-CIFAR10-CNN/runs/rlk46ic7,42,30,2,0.2,1,GELU,128,3,2,128,32,0.001,2,2,29,59.814,1.137441462568005,58.02,209.9690579,30,1.1692304407493979,1757375861.5929825,3.4994842983333334
255vq99j,vibrant-sweep-125,https://wandb.ai/marcocassar-belmont-university/dl_class_projects-CIFAR10-CNN/runs/255vq99j,42,30,2,0.2,1,GELU,128,3,2,128,32,0.001,3,2,29,80.442,0.549390709689816,67.49,360.6482636,30,0.9905715033977847,1757376036.0076299,6.010804393333333
gkj2qwyu,polished-sweep-126,https://wandb.ai/marcocassar-belmont-university/dl_class_projects-CIFAR10-CNN/runs/gkj2qwyu,42,30,2,0.2,1,GELU,128,3,2,128,32,0.001,5,2,29,92.478,0.21413056721048587,70.58,220.683842,30,1.1509757192828987,1757375932.6517944,3.6780640333333334
5ojxrj6u,fluent-sweep-127,https://wandb.ai/marcocassar-belmont-university/dl_class_projects-CIFAR10-CNN/runs/5ojxrj6u,42,30,2,0.3,1,GELU,128,3,2,128,32,0.0005,2,2,29,55.25,1.2676524975720573,53.99,210.0306353,30,1.277880514724345,1757375935.4436994,3.5005105883333334
h8jovyin,pious-sweep-128,https://wandb.ai/marcocassar-belmont-university/dl_class_projects-CIFAR10-CNN/runs/h8jovyin,42,30,2,0.3,1,GELU,128,3,2,128,32,0.0005,3,2,29,70.384,0.8375053489604569,65.91,216.6788367,30,0.9649218758450279,1757376008.7132163,3.611313945
6oio6fay,firm-sweep-129,https://wandb.ai/marcocassar-belmont-university/dl_class_projects-CIFAR10-CNN/runs/6oio6fay,42,30,2,0.3,1,GELU,128,3,2,128,32,0.0005,5,2,29,86.284,0.3797968238439706,72.1,222.6254258,30,0.9241687587544888,1757376035.4635763,3.710423763333333
0tfvk845,fanciful-sweep-130,https://wandb.ai/marcocassar-belmont-university/dl_class_projects-CIFAR10-CNN/runs/0tfvk845,42,30,2,0.3,1,GELU,128,3,2,128,32,0.001,2,2,29,59.814,1.137441462568005,58.02,211.6952498,30,1.1692304407493979,1757376080.9063065,3.5282541633333335
dzrch91a,sweepy-sweep-131,https://wandb.ai/marcocassar-belmont-university/dl_class_projects-CIFAR10-CNN/runs/dzrch91a,42,30,2,0.3,1,GELU,128,3,2,128,32,0.001,3,2,29,78.628,0.5977953869820861,67.8,216.1301573,30,0.9459973701947852,1757376159.8447547,3.6021692883333336
1mzg4d7q,honest-sweep-132,https://wandb.ai/marcocassar-belmont-university/dl_class_projects-CIFAR10-CNN/runs/1mzg4d7q,42,30,2,0.3,1,GELU,128,3,2,128,32,0.001,5,2,29,87.528,0.3534906201655298,72.08,224.0010383,30,0.9518609212923653,1757376168.547692,3.7333506383333335
hzd3yen0,good-sweep-133,https://wandb.ai/marcocassar-belmont-university/dl_class_projects-CIFAR10-CNN/runs/hzd3yen0,42,30,2,0.2,1,GELU,128,3,3,128,32,0.0005,2,2,29,56.766,1.2236989105449003,55.36,210.6517194,30,1.2387367502043518,1757376230.793511,3.51086199
y9pfg0jh,different-sweep-134,https://wandb.ai/marcocassar-belmont-university/dl_class_projects-CIFAR10-CNN/runs/y9pfg0jh,42,30,2,0.2,1,GELU,128,3,3,128,32,0.0005,3,2,29,74.486,0.7206553364043955,66.63,360.0904802,30,0.9546102760713312,1757376404.8539555,6.001508003333333
dc0nwwku,cool-sweep-135,https://wandb.ai/marcocassar-belmont-university/dl_class_projects-CIFAR10-CNN/runs/dc0nwwku,42,30,2,0.2,1,GELU,128,3,3,128,32,0.0005,5,2,29,93.502,0.1855658890150697,71.03,224.6076091,30,1.1838339967063711,1757376270.257805,3.7434601516666666
4c17u6dt,apricot-sweep-136,https://wandb.ai/marcocassar-belmont-university/dl_class_projects-CIFAR10-CNN/runs/4c17u6dt,42,30,2,0.2,1,GELU,128,3,3,128,32,0.001,2,2,29,62.534,1.0630038932461263,60.6,211.9075479,30,1.1148998390270184,1757376304.3556478,3.531792465
lwp032re,vocal-sweep-137,https://wandb.ai/marcocassar-belmont-university/dl_class_projects-CIFAR10-CNN/runs/lwp032re,42,30,2,0.2,1,GELU,128,3,3,128,32,0.001,3,2,29,85.354,0.41277433988993123,67.38,216.8155069,30,1.0566572365881521,1757376388.5932925,3.6135917816666665
8qj92gfm,electric-sweep-138,https://wandb.ai/marcocassar-belmont-university/dl_class_projects-CIFAR10-CNN/runs/8qj92gfm,42,30,2,0.2,1,GELU,128,3,3,128,32,0.001,5,2,29,93.732,0.18167319998640538,71.31,223.7864742,30,1.2118149346943143,1757376401.6587858,3.7297745699999996
kak9q7yt,clear-sweep-139,https://wandb.ai/marcocassar-belmont-university/dl_class_projects-CIFAR10-CNN/runs/kak9q7yt,42,30,2,0.3,1,GELU,128,3,3,128,32,0.0005,2,2,29,56.766,1.2236989105449003,55.36,210.8452687,30,1.2387367502043518,1757376449.2304728,3.5140878116666667
ljfkjcko,unique-sweep-140,https://wandb.ai/marcocassar-belmont-university/dl_class_projects-CIFAR10-CNN/runs/ljfkjcko,42,30,2,0.3,1,GELU,128,3,3,128,32,0.0005,3,2,29,73.564,0.7464008974602155,66.79,217.8692391,30,0.9534375365776352,1757376496.9991488,3.6311539849999996
c8xvik77,lunar-sweep-141,https://wandb.ai/marcocassar-belmont-university/dl_class_projects-CIFAR10-CNN/runs/c8xvik77,42,30,2,0.3,1,GELU,128,3,3,128,32,0.0005,5,2,29,89.078,0.3053406575680389,72.58,228.5932756,30,0.9645651096030127,1757376544.4093823,3.8098879266666668
3tx2qrrq,earnest-sweep-142,https://wandb.ai/marcocassar-belmont-university/dl_class_projects-CIFAR10-CNN/runs/3tx2qrrq,42,30,2,0.3,1,GELU,128,3,3,128,32,0.001,2,2,29,62.534,1.0630038932461263,60.6,216.7885336,30,1.1148998390270184,1757376616.778232,3.6131422266666666
svda4ktf,morning-sweep-143,https://wandb.ai/marcocassar-belmont-university/dl_class_projects-CIFAR10-CNN/runs/svda4ktf,42,30,2,0.3,1,GELU,128,3,3,128,32,0.001,3,2,29,83.002,0.4736506282673467,68.09,192.0209641,30,0.9906220790706103,1757376602.7154486,3.2003494016666663
lm7psq21,blooming-sweep-144,https://wandb.ai/marcocassar-belmont-university/dl_class_projects-CIFAR10-CNN/runs/lm7psq21,42,30,2,0.3,1,GELU,128,3,3,128,32,0.001,5,2,29,89.474,0.2988987384778459,71.9,372.7327605,30,0.9931679986700227,1757376787.657016,6.212212675
zlw8bzdx,absurd-sweep-145,https://wandb.ai/marcocassar-belmont-university/dl_class_projects-CIFAR10-CNN/runs/zlw8bzdx,42,30,2,0.2,1,GELU,64,3,2,128,64,0.0005,2,2,29,63.63,1.0368879978614085,61.09,278.908705,30,1.1008995088042728,1757376740.5377321,4.648478416666666
8bdr56n5,ruby-sweep-146,https://wandb.ai/marcocassar-belmont-university/dl_class_projects-CIFAR10-CNN/runs/8bdr56n5,42,30,2,0.2,1,GELU,64,3,2,128,64,0.0005,3,2,29,87.154,0.3660758604555179,68.95,290.3131651,30,1.0061021479451733,1757376797.7895696,4.838552751666667
zewneakk,serene-sweep-147,https://wandb.ai/marcocassar-belmont-university/dl_class_projects-CIFAR10-CNN/runs/zewneakk,42,30,2,0.2,1,GELU,64,3,2,128,64,0.0005,5,2,29,95.362,0.13356204908412625,71.58,309.5695066,30,1.3035037635238307,1757376863.5901284,5.159491776666667
cfpzfnzi,solar-sweep-148,https://wandb.ai/marcocassar-belmont-university/dl_class_projects-CIFAR10-CNN/runs/cfpzfnzi,42,30,2,0.2,1,GELU,64,3,2,128,64,0.001,2,2,29,70.21,0.8517490224841305,65.14,288.4465497,30,0.994305452723412,1757376902.402062,4.807442495
h6oz3rkq,glamorous-sweep-149,https://wandb.ai/marcocassar-belmont-university/dl_class_projects-CIFAR10-CNN/runs/h6oz3rkq,42,30,2,0.2,1,GELU,64,3,2,128,64,0.001,3,2,29,94.09,0.16606943720899275,68.53,295.7273639,30,1.4151703453367683,1757376923.2071626,4.9287893983333335
sj3048pk,clear-sweep-150,https://wandb.ai/marcocassar-belmont-university/dl_class_projects-CIFAR10-CNN/runs/sj3048pk,42,30,2,0.2,1,GELU,64,3,2,128,64,0.001,5,2,29,93.396,0.19510802897669927,70.89,313.713644,30,1.2260269684017084,1757377063.995129,5.2285607333333335
aabi239l,balmy-sweep-151,https://wandb.ai/marcocassar-belmont-university/dl_class_projects-CIFAR10-CNN/runs/aabi239l,42,30,2,0.3,1,GELU,64,3,2,128,64,0.0005,2,2,29,63.63,1.0368879978614085,61.09,403.4764811,30,1.1008995088042728,1757377204.057106,6.724608018333333
4tdeax0h,smart-sweep-152,https://wandb.ai/marcocassar-belmont-university/dl_class_projects-CIFAR10-CNN/runs/4tdeax0h,42,30,2,0.3,1,GELU,64,3,2,128,64,0.0005,3,2,29,85.072,0.4209384184778499,69.54,300.5244784,30,0.973936201280849,1757377107.0996017,5.008741306666667
kshhh83c,sleek-sweep-153,https://wandb.ai/marcocassar-belmont-university/dl_class_projects-CIFAR10-CNN/runs/kshhh83c,42,30,2,0.3,1,GELU,64,3,2,128,64,0.0005,5,2,29,92.446,0.21521258549026365,72.75,318.3842222,30,1.0688045901857364,1757377191.8974698,5.306403703333333
mho4y933,vocal-sweep-154,https://wandb.ai/marcocassar-belmont-university/dl_class_projects-CIFAR10-CNN/runs/mho4y933,42,30,2,0.3,1,GELU,64,3,2,128,64,0.001,2,2,29,70.21,0.8517490224841305,65.14,294.0170754,30,0.994305452723412,1757377207.0327656,4.90028459
3n1459to,glorious-sweep-155,https://wandb.ai/marcocassar-belmont-university/dl_class_projects-CIFAR10-CNN/runs/3n1459to,42,30,2,0.3,1,GELU,64,3,2,128,64,0.001,3,2,29,91.69,0.2311387327940339,67.57,303.2005997,30,1.318454532486618,1757377235.52695,5.053343328333333
77xa6wiz,solar-sweep-156,https://wandb.ai/marcocassar-belmont-university/dl_class_projects-CIFAR10-CNN/runs/77xa6wiz,42,30,2,0.3,1,GELU,64,3,2,128,64,0.001,5,2,29,90.298,0.28603444145539836,71.98,312.3810834,30,1.039238669690053,1757377386.9708772,5.20635139
xwtpr50k,lilac-sweep-157,https://wandb.ai/marcocassar-belmont-university/dl_class_projects-CIFAR10-CNN/runs/xwtpr50k,42,30,2,0.2,1,GELU,64,3,3,128,64,0.0005,2,2,29,63.63,1.0368879978614085,61.09,287.1435128,30,1.1008995088042728,1757377403.0193717,4.7857252133333334
8e0i0gaz,clear-sweep-158,https://wandb.ai/marcocassar-belmont-university/dl_class_projects-CIFAR10-CNN/runs/8e0i0gaz,42,30,2,0.2,1,GELU,64,3,3,128,64,0.0005,3,2,29,87.166,0.3660709792581361,68.93,296.813767,30,1.0060857595152157,1757377499.687133,4.946896116666666
wvcg2kbu,resilient-sweep-159,https://wandb.ai/marcocassar-belmont-university/dl_class_projects-CIFAR10-CNN/runs/wvcg2kbu,42,30,2,0.2,1,GELU,64,3,3,128,64,0.0005,5,2,29,95.366,0.13365010120441465,71.46,435.3983739,30,1.3064401191510973,1757377651.5646431,7.256639565
v1ev7ldr,summer-sweep-160,https://wandb.ai/marcocassar-belmont-university/dl_class_projects-CIFAR10-CNN/runs/v1ev7ldr,42,30,2,0.2,1,GELU,64,3,3,128,64,0.001,2,2,29,70.21,0.8517490224841305,65.14,289.281814,30,0.994305452723412,1757377506.336793,4.821363566666666
psqzcjto,daily-sweep-161,https://wandb.ai/marcocassar-belmont-university/dl_class_projects-CIFAR10-CNN/runs/psqzcjto,42,30,2,0.2,1,GELU,64,3,3,128,64,0.001,3,2,29,94.09,0.16606943720899275,68.53,299.0451264,30,1.4151703453367683,1757377545.7107706,4.98408544
r8u4mqc5,whole-sweep-162,https://wandb.ai/marcocassar-belmont-university/dl_class_projects-CIFAR10-CNN/runs/r8u4mqc5,42,30,2,0.2,1,GELU,64,3,3,128,64,0.001,5,2,29,93.298,0.19633738665134096,71.37,314.4263465,30,1.1768144828498743,1757377713.4422078,5.240439108333334
58eolooo,zesty-sweep-163,https://wandb.ai/marcocassar-belmont-university/dl_class_projects-CIFAR10-CNN/runs/58eolooo,42,30,2,0.3,1,GELU,64,3,3,128,64,0.0005,2,2,29,63.63,1.0368879978614085,61.09,290.894737,30,1.1008995088042728,1757377705.9071527,4.848245616666667
m9ox3abx,efficient-sweep-164,https://wandb.ai/marcocassar-belmont-university/dl_class_projects-CIFAR10-CNN/runs/m9ox3abx,42,30,2,0.3,1,GELU,64,3,3,128,64,0.0005,3,2,29,85.072,0.4209384184778499,69.54,299.7434398,30,0.973936201280849,1757377811.6401153,4.9957239966666664
qo4im4f4,silver-sweep-165,https://wandb.ai/marcocassar-belmont-university/dl_class_projects-CIFAR10-CNN/runs/qo4im4f4,42,30,2,0.3,1,GELU,64,3,3,128,64,0.0005,5,2,29,92.472,0.21508048339020414,72.66,315.4919396,30,1.0683258183442863,1757377831.6580293,5.258198993333334
yyrkmk14,clean-sweep-166,https://wandb.ai/marcocassar-belmont-university/dl_class_projects-CIFAR10-CNN/runs/yyrkmk14,42,30,2,0.3,1,GELU,64,3,3,128,64,0.001,2,2,29,70.21,0.8517490224841305,65.14,289.95679259999997,30,0.994305452723412,1757377845.8481123,4.83261321
a9i755oc,skilled-sweep-167,https://wandb.ai/marcocassar-belmont-university/dl_class_projects-CIFAR10-CNN/runs/a9i755oc,42,30,2,0.3,1,GELU,64,3,3,128,64,0.001,3,2,29,91.69,0.2311387327940339,67.57,414.3253625,30,1.318454532486618,1757378077.2127852,6.905422708333333
k495hozn,drawn-sweep-168,https://wandb.ai/marcocassar-belmont-university/dl_class_projects-CIFAR10-CNN/runs/k495hozn,42,30,2,0.3,1,GELU,64,3,3,128,64,0.001,5,2,29,90.102,0.28876620694956817,71.75,272.6091845,30,1.007121077388715,1757377986.626209,4.543486408333334
5l2y8ffa,helpful-sweep-169,https://wandb.ai/marcocassar-belmont-university/dl_class_projects-CIFAR10-CNN/runs/5l2y8ffa,42,30,2,0.2,1,GELU,128,3,2,128,64,0.0005,2,2,29,60.954,1.1160347018095538,59.38,227.7845016,30,1.1523889823804927,1757377951.1056092,3.79640836
z3nm9vob,avid-sweep-170,https://wandb.ai/marcocassar-belmont-university/dl_class_projects-CIFAR10-CNN/runs/z3nm9vob,42,30,2,0.2,1,GELU,128,3,2,128,64,0.0005,3,2,29,80.234,0.5631691675509334,68.4,228.3525235,30,0.9433955972707724,1757378049.4420571,3.8058753916666666
6wgmt3pe,clear-sweep-171,https://wandb.ai/marcocassar-belmont-university/dl_class_projects-CIFAR10-CNN/runs/6wgmt3pe,42,30,2,0.2,1,GELU,128,3,2,128,64,0.0005,5,2,29,95.206,0.1338267127132934,71.84,236.992274,30,1.24685561581503,1757378077.7830696,3.9498712333333335
xop98cp1,vibrant-sweep-172,https://wandb.ai/marcocassar-belmont-university/dl_class_projects-CIFAR10-CNN/runs/xop98cp1,42,30,2,0.2,1,GELU,128,3,2,128,64,0.001,2,2,29,66.152,0.9591841310491342,62.69,224.6817856,30,1.0524218670929535,1757378079.957526,3.7446964266666667
cuhn583a,skilled-sweep-173,https://wandb.ai/marcocassar-belmont-university/dl_class_projects-CIFAR10-CNN/runs/cuhn583a,42,30,2,0.2,1,GELU,128,3,2,128,64,0.001,3,2,29,91.362,0.24326114608046343,67.38,227.0735657,30,1.212678144249735,1757378188.434502,3.784559428333333
64n2u9tw,honest-sweep-174,https://wandb.ai/marcocassar-belmont-university/dl_class_projects-CIFAR10-CNN/runs/64n2u9tw,42,30,2,0.2,1,GELU,128,3,2,128,64,0.001,5,2,29,94.712,0.15415726963173398,71.23,203.8828667,30,1.2765492163126981,1757378201.3605392,3.3980477783333334
ajhsudv3,earthy-sweep-175,https://wandb.ai/marcocassar-belmont-university/dl_class_projects-CIFAR10-CNN/runs/ajhsudv3,42,30,2,0.3,1,GELU,128,3,2,128,64,0.0005,2,2,29,60.954,1.1160347018095538,59.38,217.0161603,30,1.1523889823804927,1757378276.12222,3.616936005
8z3cfbak,vocal-sweep-176,https://wandb.ai/marcocassar-belmont-university/dl_class_projects-CIFAR10-CNN/runs/8z3cfbak,42,30,2,0.3,1,GELU,128,3,2,128,64,0.0005,3,2,29,78.936,0.5986082244407186,68.86,361.0802643,30,0.9154036029984679,1757378448.7992208,6.018004405
b7e3mqml,daily-sweep-177,https://wandb.ai/marcocassar-belmont-university/dl_class_projects-CIFAR10-CNN/runs/b7e3mqml,42,30,2,0.3,1,GELU,128,3,2,128,64,0.0005,5,2,29,92.508,0.21304082678025946,72.53,229.0837429,30,1.071493521521363,1757378316.890177,3.8180623816666666
l3a4wi5j,true-sweep-178,https://wandb.ai/marcocassar-belmont-university/dl_class_projects-CIFAR10-CNN/runs/l3a4wi5j,42,30,2,0.3,1,GELU,128,3,2,128,64,0.001,2,2,29,66.152,0.9591841310491342,62.69,188.9608367,30,1.0524218670929535,1757378277.6376932,3.149347278333333
5n9tac99,zesty-sweep-179,https://wandb.ai/marcocassar-belmont-university/dl_class_projects-CIFAR10-CNN/runs/5n9tac99,42,30,2,0.3,1,GELU,128,3,2,128,64,0.001,3,2,29,89.306,0.29821463458983183,68.84,218.5219623,30,1.0758678143537497,1757378418.2299871,3.642032705
q37o2tbh,ruby-sweep-180,https://wandb.ai/marcocassar-belmont-university/dl_class_projects-CIFAR10-CNN/runs/q37o2tbh,42,30,2,0.3,1,GELU,128,3,2,128,64,0.001,5,2,29,91.716,0.24035705940421584,71.64,227.0758457,30,1.0474484676047215,1757378437.3969643,3.7845974283333335
dk2fu54z,snowy-sweep-182,https://wandb.ai/marcocassar-belmont-university/dl_class_projects-CIFAR10-CNN/runs/dk2fu54z,42,30,2,0.2,1,GELU,128,3,3,128,64,0.0005,3,2,29,80.234,0.5631691675509334,68.4,219.0976091,30,0.9433955972707724,1757378506.054565,3.6516268183333334
vw8fbflb,vivid-sweep-181,https://wandb.ai/marcocassar-belmont-university/dl_class_projects-CIFAR10-CNN/runs/vw8fbflb,42,30,2,0.2,1,GELU,128,3,3,128,64,0.0005,2,2,29,60.954,1.1160347018095538,59.38,216.3375117,30,1.1523889823804927,1757378503.1888628,3.605625195
qbw81jtz,rare-sweep-183,https://wandb.ai/marcocassar-belmont-university/dl_class_projects-CIFAR10-CNN/runs/qbw81jtz,42,30,2,0.2,1,GELU,128,3,3,128,64,0.0005,5,2,29,95.206,0.1338267127132934,71.84,233.1970607,30,1.24685561581503,1757378559.3378966,3.8866176783333333
6e0k2k32,swept-sweep-184,https://wandb.ai/marcocassar-belmont-university/dl_class_projects-CIFAR10-CNN/runs/6e0k2k32,42,30,2,0.2,1,GELU,128,3,3,128,64,0.001,2,2,29,66.152,0.9591841310491342,62.69,191.9302151,30,1.0524218670929535,1757378620.012981,3.1988369183333334
4xrup5t8,different-sweep-185,https://wandb.ai/marcocassar-belmont-university/dl_class_projects-CIFAR10-CNN/runs/4xrup5t8,42,30,2,0.2,1,GELU,128,3,3,128,64,0.001,3,2,29,91.362,0.24326114608046343,67.38,227.1457525,30,1.212678144249735,1757378675.579637,3.7857625416666663
qr40wkcy,feasible-sweep-186,https://wandb.ai/marcocassar-belmont-university/dl_class_projects-CIFAR10-CNN/runs/qr40wkcy,42,30,2,0.2,1,GELU,128,3,3,128,64,0.001,5,2,29,94.712,0.15415726963173398,71.23,374.527561,30,1.2765492163126981,1757378832.6220212,6.242126016666666
dzyue5d4,ancient-sweep-188,https://wandb.ai/marcocassar-belmont-university/dl_class_projects-CIFAR10-CNN/runs/dzyue5d4,42,30,2,0.3,1,GELU,128,3,3,128,64,0.0005,3,2,29,78.936,0.5986082244407186,68.86,223.6707442,30,0.9154036029984679,1757378738.7602797,3.7278457366666666
oy3f51q8,light-sweep-187,https://wandb.ai/marcocassar-belmont-university/dl_class_projects-CIFAR10-CNN/runs/oy3f51q8,42,30,2,0.3,1,GELU,128,3,3,128,64,0.0005,2,2,29,60.954,1.1160347018095538,59.38,219.6798884,30,1.1523889823804927,1757378734.7118275,3.6613314733333335
m8xno2dt,solar-sweep-189,https://wandb.ai/marcocassar-belmont-university/dl_class_projects-CIFAR10-CNN/runs/m8xno2dt,42,30,2,0.3,1,GELU,128,3,3,128,64,0.0005,5,2,29,92.508,0.21304082678025946,72.53,230.257013,30,1.071493521521363,1757378799.6422496,3.8376168833333333
pl2etxal,hopeful-sweep-190,https://wandb.ai/marcocassar-belmont-university/dl_class_projects-CIFAR10-CNN/runs/pl2etxal,42,30,2,0.3,1,GELU,128,3,3,128,64,0.001,2,2,29,66.152,0.9591841310491342,62.69,190.0021219,30,1.0524218670929535,1757378821.1787384,3.1667020316666665
2n0ev46k,expert-sweep-191,https://wandb.ai/marcocassar-belmont-university/dl_class_projects-CIFAR10-CNN/runs/2n0ev46k,42,30,2,0.3,1,GELU,128,3,3,128,64,0.001,3,2,29,89.306,0.29821463458983183,68.84,226.1827202,30,1.0758678143537497,1757378916.8717527,3.7697120033333333
c7etpo9j,proud-sweep-192,https://wandb.ai/marcocassar-belmont-university/dl_class_projects-CIFAR10-CNN/runs/c7etpo9j,42,30,2,0.3,1,GELU,128,3,3,128,64,0.001,5,2,29,91.716,0.24035705940421584,71.64,241.5965861,30,1.0474484676047215,1757378985.3848712,4.0266097683333335
1hces8zh,skilled-sweep-193,https://wandb.ai/marcocassar-belmont-university/dl_class_projects-CIFAR10-CNN/runs/1hces8zh,42,30,2,0.2,1,SiLU,64,3,2,128,32,0.0005,2,2,29,57.854,1.1992707155702058,56.5,285.7785898,30,1.2250344168608356,1757379034.1999247,4.762976496666667
0wb4h77a,resilient-sweep-194,https://wandb.ai/marcocassar-belmont-university/dl_class_projects-CIFAR10-CNN/runs/0wb4h77a,42,30,2,0.2,1,SiLU,64,3,2,128,32,0.0005,3,2,29,76.862,0.6605867237005087,65.98,295.0693665,30,0.9971977016728395,1757379102.8924844,4.917822775
l77fvabl,glorious-sweep-195,https://wandb.ai/marcocassar-belmont-university/dl_class_projects-CIFAR10-CNN/runs/l77fvabl,42,30,2,0.2,1,SiLU,64,3,2,128,32,0.0005,5,2,29,90.42,0.26773198837857415,69.73,311.4445879,30,1.1979002291989174,1757379140.5815818,5.190743131666666
7g3st9wf,efficient-sweep-196,https://wandb.ai/marcocassar-belmont-university/dl_class_projects-CIFAR10-CNN/runs/7g3st9wf,42,30,2,0.2,1,SiLU,64,3,2,128,32,0.001,2,2,29,62.482,1.0673179201915135,59.79,401.440392,30,1.1295358660114798,1757379244.8518019,6.6906732
yazfek57,glorious-sweep-197,https://wandb.ai/marcocassar-belmont-university/dl_class_projects-CIFAR10-CNN/runs/yazfek57,42,30,2,0.2,1,SiLU,64,3,2,128,32,0.001,3,2,29,84.72,0.42792888023816716,65.7,298.2204133,30,1.1395469129465188,1757379224.3021443,4.970340221666667
zmu8v83s,fragrant-sweep-198,https://wandb.ai/marcocassar-belmont-university/dl_class_projects-CIFAR10-CNN/runs/zmu8v83s,42,30,2,0.2,1,SiLU,64,3,2,128,32,0.001,5,2,29,89.978,0.28519021361456504,70.2,309.8156686,30,1.1327615239817626,1757379306.834286,5.163594476666666
g6plhowc,devoted-sweep-199,https://wandb.ai/marcocassar-belmont-university/dl_class_projects-CIFAR10-CNN/runs/g6plhowc,42,30,2,0.3,1,SiLU,64,3,2,128,32,0.0005,2,2,29,57.858,1.199269164782351,56.5,287.2930228,30,1.2250292050610683,1757379330.2699165,4.788217046666667
vi2gwqxs,laced-sweep-200,https://wandb.ai/marcocassar-belmont-university/dl_class_projects-CIFAR10-CNN/runs/vi2gwqxs,42,30,2,0.3,1,SiLU,64,3,2,128,32,0.0005,3,2,29,74.746,0.7108148290678058,66.13,297.0694928,30,0.9841441215982862,1757379409.1782188,4.951158213333333
sv5qrc60,celestial-sweep-201,https://wandb.ai/marcocassar-belmont-university/dl_class_projects-CIFAR10-CNN/runs/sv5qrc60,42,30,2,0.3,1,SiLU,64,3,2,128,32,0.0005,5,2,29,85.072,0.4121443053702717,72.03,311.8719914,30,0.9115983158539814,1757379461.226527,5.197866523333333
jrqoiz02,light-sweep-202,https://wandb.ai/marcocassar-belmont-university/dl_class_projects-CIFAR10-CNN/runs/jrqoiz02,42,30,2,0.3,1,SiLU,64,3,2,128,32,0.001,2,2,29,62.472,1.0673207906658386,59.79,292.0742722,30,1.1295221744069628,1757379527.1237912,4.867904536666667
n06xgkwl,dulcet-sweep-203,https://wandb.ai/marcocassar-belmont-university/dl_class_projects-CIFAR10-CNN/runs/n06xgkwl,42,30,2,0.3,1,SiLU,64,3,2,128,32,0.001,3,2,29,81.698,0.5055418265864368,66.26,412.285617,30,1.0548342041149261,1757379666.2386174,6.87142695
bganb0tp,solar-sweep-204,https://wandb.ai/marcocassar-belmont-university/dl_class_projects-CIFAR10-CNN/runs/bganb0tp,42,30,2,0.3,1,SiLU,64,3,2,128,32,0.001,5,2,29,85.094,0.42747752341772893,72.36,313.1557123,30,0.8838097745445883,1757379629.5537639,5.219261871666666
afhzoltu,glowing-sweep-205,https://wandb.ai/marcocassar-belmont-university/dl_class_projects-CIFAR10-CNN/runs/afhzoltu,42,30,2,0.2,1,SiLU,64,3,3,128,32,0.0005,2,2,29,59.854,1.144708360171379,57.94,290.0089801,30,1.1765513564371,1757379632.0201,4.833483001666666
ksdlgiko,spring-sweep-206,https://wandb.ai/marcocassar-belmont-university/dl_class_projects-CIFAR10-CNN/runs/ksdlgiko,42,30,2,0.2,1,SiLU,64,3,3,128,32,0.0005,3,2,29,81.358,0.5310987198672941,67.06,294.1186359,30,1.0125478914209232,1757379715.375665,4.901977265
bghgpppe,playful-sweep-207,https://wandb.ai/marcocassar-belmont-university/dl_class_projects-CIFAR10-CNN/runs/bghgpppe,42,30,2,0.2,1,SiLU,64,3,3,128,32,0.0005,5,2,29,92.258,0.21595741630724782,70.48,309.6395489,30,1.2129321121106482,1757379783.1323295,5.160659148333334
trzabgmm,sage-sweep-208,https://wandb.ai/marcocassar-belmont-university/dl_class_projects-CIFAR10-CNN/runs/trzabgmm,42,30,2,0.2,1,SiLU,64,3,3,128,32,0.001,2,2,29,64.924,0.991861403293317,61.97,286.1243737,30,1.0742465075413892,1757379825.381362,4.768739561666666
amqad1uv,lucky-sweep-209,https://wandb.ai/marcocassar-belmont-university/dl_class_projects-CIFAR10-CNN/runs/amqad1uv,42,30,2,0.2,1,SiLU,64,3,3,128,32,0.001,3,2,29,89.792,0.2858327763521915,65.79,302.2440666,30,1.2948105487094563,1757379943.0018082,5.03740111
zh8oenir,fine-sweep-210,https://wandb.ai/marcocassar-belmont-university/dl_class_projects-CIFAR10-CNN/runs/zh8oenir,42,30,2,0.2,1,SiLU,64,3,3,128,32,0.001,5,2,29,91.214,0.25169438694406043,70.47,315.7251624,30,1.143683236116057,1757379956.6388268,5.26208604
8y9mrh2u,vague-sweep-211,https://wandb.ai/marcocassar-belmont-university/dl_class_projects-CIFAR10-CNN/runs/8y9mrh2u,42,30,2,0.3,1,SiLU,64,3,3,128,32,0.0005,2,2,29,59.854,1.144708360171379,57.94,400.8346205,30,1.1765513564371,1757380089.3121428,6.680577008333334
l5ovhfcn,lively-sweep-212,https://wandb.ai/marcocassar-belmont-university/dl_class_projects-CIFAR10-CNN/runs/l5ovhfcn,42,30,2,0.3,1,SiLU,64,3,3,128,32,0.0005,3,2,29,78.836,0.5908290145875853,67.37,301.525237,30,0.9796708987396994,1757380026.7617989,5.025420616666667
sr8b3zwx,youthful-sweep-213,https://wandb.ai/marcocassar-belmont-university/dl_class_projects-CIFAR10-CNN/runs/sr8b3zwx,42,30,2,0.3,1,SiLU,64,3,3,128,32,0.0005,5,2,29,87.56,0.3522906889734061,71.88,313.7257195,30,0.9725504086655417,1757380106.4820569,5.228761991666667
1a7hqvwt,valiant-sweep-214,https://wandb.ai/marcocassar-belmont-university/dl_class_projects-CIFAR10-CNN/runs/1a7hqvwt,42,30,2,0.3,1,SiLU,64,3,3,128,32,0.001,2,2,29,64.924,0.9918614614497671,61.97,286.6242207,30,1.0742484547530011,1757380119.6873558,4.777070345
7yv40202,fine-sweep-215,https://wandb.ai/marcocassar-belmont-university/dl_class_projects-CIFAR10-CNN/runs/7yv40202,42,30,2,0.3,1,SiLU,64,3,3,128,32,0.001,3,2,29,86.914,0.36932958670131993,65.58,285.7974269,30,1.1525890398177372,1757380241.1666715,4.763290448333334
jdud4yc5,snowy-sweep-216,https://wandb.ai/marcocassar-belmont-university/dl_class_projects-CIFAR10-CNN/runs/jdud4yc5,42,30,2,0.3,1,SiLU,64,3,3,128,32,0.001,5,2,29,86.728,0.3823569610600581,72.46,298.0172468,30,0.9540372124523114,1757380263.571785,4.966954113333333
yu0hd11m,snowy-sweep-217,https://wandb.ai/marcocassar-belmont-university/dl_class_projects-CIFAR10-CNN/runs/yu0hd11m,42,30,2,0.2,1,SiLU,128,3,2,128,32,0.0005,2,2,29,55.0,1.276762601664609,53.89,220.2578467,30,1.2905200025703334,1757380254.8283715,3.6709641116666663
72bocb5d,proud-sweep-218,https://wandb.ai/marcocassar-belmont-university/dl_class_projects-CIFAR10-CNN/runs/72bocb5d,42,30,2,0.2,1,SiLU,128,3,2,128,32,0.0005,3,2,29,71.612,0.8080240471283798,64.95,362.3031318,30,0.9981013611902164,1757380461.0910788,6.03838553
k3alpnax,trim-sweep-219,https://wandb.ai/marcocassar-belmont-university/dl_class_projects-CIFAR10-CNN/runs/k3alpnax,42,30,2,0.2,1,SiLU,128,3,2,128,32,0.0005,5,2,29,89.676,0.28984711014325054,68.42,225.8512828,30,1.165430291544033,1757380342.9443066,3.764188046666667
grumkzee,stellar-sweep-220,https://wandb.ai/marcocassar-belmont-university/dl_class_projects-CIFAR10-CNN/runs/grumkzee,42,30,2,0.2,1,SiLU,128,3,2,128,32,0.001,2,2,29,59.822,1.140487824407075,57.99,214.3935384,30,1.178292318989959,1757380346.3107867,3.57322564
k3c3biec,graceful-sweep-221,https://wandb.ai/marcocassar-belmont-university/dl_class_projects-CIFAR10-CNN/runs/k3c3biec,42,30,2,0.2,1,SiLU,128,3,2,128,32,0.001,3,2,29,81.122,0.5344121466817149,65.96,214.0209121,30,1.0498150255106673,1757380463.4867861,3.5670152016666665
y4ei0nfl,magic-sweep-222,https://wandb.ai/marcocassar-belmont-university/dl_class_projects-CIFAR10-CNN/runs/y4ei0nfl,42,30,2,0.2,1,SiLU,128,3,2,128,32,0.001,5,2,29,91.082,0.24937173283999534,69.79,221.9609601,30,1.1872751901421366,1757380484.52628,3.699349335
hunijoua,frosty-sweep-223,https://wandb.ai/marcocassar-belmont-university/dl_class_projects-CIFAR10-CNN/runs/hunijoua,42,30,2,0.3,1,SiLU,128,3,2,128,32,0.0005,2,2,29,55.0,1.276762601664609,53.89,209.5825958,30,1.2905200025703334,1757380483.7391849,3.4930432633333335
5b3k1qg5,dutiful-sweep-224,https://wandb.ai/marcocassar-belmont-university/dl_class_projects-CIFAR10-CNN/runs/5b3k1qg5,42,30,2,0.3,1,SiLU,128,3,2,128,32,0.0005,3,2,29,70.536,0.8295296951937858,65.84,214.8953103,30,0.9847243307512018,1757380569.4489388,3.581588505
3w9gfydb,rare-sweep-225,https://wandb.ai/marcocassar-belmont-university/dl_class_projects-CIFAR10-CNN/runs/3w9gfydb,42,30,2,0.3,1,SiLU,128,3,2,128,32,0.0005,5,2,29,83.802,0.4465161578734512,71.06,221.5513986,30,0.9222825765609741,1757380596.7301211,3.69252331
34xgvddh,pious-sweep-227,https://wandb.ai/marcocassar-belmont-university/dl_class_projects-CIFAR10-CNN/runs/34xgvddh,42,30,2,0.3,1,SiLU,128,3,2,128,32,0.001,3,2,29,78.878,0.5973397301286077,66.73,360.3322265,30,0.9945915364011934,1757380833.5755446,6.005537108333333
i15tvz2h,azure-sweep-226,https://wandb.ai/marcocassar-belmont-university/dl_class_projects-CIFAR10-CNN/runs/i15tvz2h,42,30,2,0.3,1,SiLU,128,3,2,128,32,0.001,2,2,29,59.822,1.140487824407075,57.99,209.4266143,30,1.178292318989959,1757380681.677848,3.490443571666667
jze0guxm,deep-sweep-228,https://wandb.ai/marcocassar-belmont-university/dl_class_projects-CIFAR10-CNN/runs/jze0guxm,42,30,2,0.3,1,SiLU,128,3,2,128,32,0.001,5,2,29,85.658,0.39898826959340467,72.59,221.1886323,30,0.8921048980724963,1757380712.884739,3.686477205
rygvkvgp,warm-sweep-229,https://wandb.ai/marcocassar-belmont-university/dl_class_projects-CIFAR10-CNN/runs/rygvkvgp,42,30,2,0.2,1,SiLU,128,3,3,128,32,0.0005,2,2,29,57.0,1.220132007165943,56.03,209.8079068,30,1.2378500428380845,1757380705.5402715,3.496798446666667
ff11jtmn,dainty-sweep-230,https://wandb.ai/marcocassar-belmont-university/dl_class_projects-CIFAR10-CNN/runs/ff11jtmn,42,30,2,0.2,1,SiLU,128,3,3,128,32,0.0005,3,2,29,75.632,0.6957223546474486,66.7,215.3405015,30,0.9712942408609994,1757380793.1263814,3.589008358333333
616s449l,feasible-sweep-231,https://wandb.ai/marcocassar-belmont-university/dl_class_projects-CIFAR10-CNN/runs/616s449l,42,30,2,0.2,1,SiLU,128,3,3,128,32,0.0005,5,2,29,91.178,0.24501506824170233,69.75,225.3139111,30,1.1821917008750047,1757380833.8238394,3.7552318516666667
bdyx7n6w,deft-sweep-232,https://wandb.ai/marcocassar-belmont-university/dl_class_projects-CIFAR10-CNN/runs/bdyx7n6w,42,30,2,0.2,1,SiLU,128,3,3,128,32,0.001,2,2,29,62.422,1.0698552622514612,60.02,213.3096649,30,1.1208353065237213,1757380903.5550113,3.555161081666667
1gwueqxu,logical-sweep-233,https://wandb.ai/marcocassar-belmont-university/dl_class_projects-CIFAR10-CNN/runs/1gwueqxu,42,30,2,0.2,1,SiLU,128,3,3,128,32,0.001,3,2,29,86.258,0.39111669525466003,66.09,218.0377944,30,1.1230097050908245,1757380932.2777581,3.63396324
kcg9zihd,daily-sweep-234,https://wandb.ai/marcocassar-belmont-university/dl_class_projects-CIFAR10-CNN/runs/kcg9zihd,42,30,2,0.2,1,SiLU,128,3,3,128,32,0.001,5,2,29,91.928,0.22878940790281882,70.76,224.9090731,30,1.2256382877313639,1757380950.2397432,3.7484845516666665
87yy6zde,rare-sweep-235,https://wandb.ai/marcocassar-belmont-university/dl_class_projects-CIFAR10-CNN/runs/87yy6zde,42,30,2,0.3,1,SiLU,128,3,3,128,32,0.0005,2,2,29,57.0,1.220132007165943,56.03,213.6388609,30,1.2378500428380845,1757381014.4455726,3.5606476816666666
61wnspxa,drawn-sweep-236,https://wandb.ai/marcocassar-belmont-university/dl_class_projects-CIFAR10-CNN/runs/61wnspxa,42,30,2,0.3,1,SiLU,128,3,3,128,32,0.0005,3,2,29,74.036,0.7318760196266272,66.5,217.1001647,30,0.9687882805172401,1757381058.6951337,3.6183360783333334
py0lhg6e,prime-sweep-237,https://wandb.ai/marcocassar-belmont-university/dl_class_projects-CIFAR10-CNN/runs/py0lhg6e,42,30,2,0.3,1,SiLU,128,3,3,128,32,0.0005,5,2,29,85.638,0.39686250183588406,71.47,370.752535,30,0.9487756411486035,1757381213.7899177,6.179208916666667
6fw8nbkh,likely-sweep-238,https://wandb.ai/marcocassar-belmont-university/dl_class_projects-CIFAR10-CNN/runs/6fw8nbkh,42,30,2,0.3,1,SiLU,128,3,3,128,32,0.001,2,2,29,62.422,1.0698552622514612,60.02,218.9386369,30,1.1208353065237213,1757381132.417588,3.648977281666667
3q9281be,glamorous-sweep-239,https://wandb.ai/marcocassar-belmont-university/dl_class_projects-CIFAR10-CNN/runs/3q9281be,42,30,2,0.3,1,SiLU,128,3,3,128,32,0.001,3,2,29,83.45,0.4633839166987583,67.33,226.9632197,30,1.0364757912068427,1757381169.462443,3.7827203283333333
7yiajaqn,cerulean-sweep-240,https://wandb.ai/marcocassar-belmont-university/dl_class_projects-CIFAR10-CNN/runs/7yiajaqn,42,30,2,0.3,1,SiLU,128,3,3,128,32,0.001,5,2,29,87.452,0.356552957268932,71.85,203.7241037,30,0.983826765531226,1757381162.2532763,3.3954017283333333
ls49ckv6,volcanic-sweep-241,https://wandb.ai/marcocassar-belmont-university/dl_class_projects-CIFAR10-CNN/runs/ls49ckv6,42,30,2,0.2,1,SiLU,64,3,2,128,64,0.0005,2,2,29,63.402,1.0389197911600323,60.32,283.3458551,30,1.1123161528520524,1757381307.4881022,4.722430918333333
cetaa8gx,zesty-sweep-242,https://wandb.ai/marcocassar-belmont-university/dl_class_projects-CIFAR10-CNN/runs/cetaa8gx,42,30,2,0.2,1,SiLU,64,3,2,128,64,0.0005,3,2,29,87.478,0.35688228432632163,67.59,300.2149502,30,1.1111472032632037,1757381370.2301538,5.003582503333333
wybzw4s0,swept-sweep-243,https://wandb.ai/marcocassar-belmont-university/dl_class_projects-CIFAR10-CNN/runs/wybzw4s0,42,30,2,0.2,1,SiLU,64,3,2,128,64,0.0005,5,2,29,94.03,0.17296473538536397,70.42,319.1058235,30,1.2667362853220314,1757381460.8511865,5.318430391666666
c9s5h049,gentle-sweep-244,https://wandb.ai/marcocassar-belmont-university/dl_class_projects-CIFAR10-CNN/runs/c9s5h049,42,30,2,0.2,1,SiLU,64,3,2,128,64,0.001,2,2,29,69.56,0.8656977970734276,64.18,296.3540485,30,1.0220082033971312,1757381467.9266303,4.939234141666666
1tjogaz1,crimson-sweep-245,https://wandb.ai/marcocassar-belmont-university/dl_class_projects-CIFAR10-CNN/runs/1tjogaz1,42,30,2,0.2,1,SiLU,64,3,2,128,64,0.001,3,2,29,93.502,0.1772366676127057,66.02,303.5058211,30,1.5003736197568809,1757381484.1470494,5.058430351666667
6yvw3v36,logical-sweep-246,https://wandb.ai/marcocassar-belmont-university/dl_class_projects-CIFAR10-CNN/runs/6yvw3v36,42,30,2,0.2,1,SiLU,64,3,2,128,64,0.001,5,2,29,92.23,0.22330782001318833,70.75,438.1081615,30,1.1921105889757728,1757381661.7700126,7.3018026916666665
vkegsgng,snowy-sweep-247,https://wandb.ai/marcocassar-belmont-university/dl_class_projects-CIFAR10-CNN/runs/vkegsgng,42,30,2,0.3,1,SiLU,64,3,2,128,64,0.0005,2,2,29,63.402,1.0389197911600323,60.32,259.7674172,30,1.1123161528520524,1757381577.899489,4.329456953333334
yx87s4y9,laced-sweep-248,https://wandb.ai/marcocassar-belmont-university/dl_class_projects-CIFAR10-CNN/runs/yx87s4y9,42,30,2,0.3,1,SiLU,64,3,2,128,64,0.0005,3,2,29,85.306,0.4134298389029625,68.42,302.7050426,30,1.0207326605821112,1757381681.9919243,5.0450840433333335
azwlzml3,sweet-sweep-249,https://wandb.ai/marcocassar-belmont-university/dl_class_projects-CIFAR10-CNN/runs/azwlzml3,42,30,2,0.3,1,SiLU,64,3,2,128,64,0.0005,5,2,29,90.424,0.2723225992449257,72.6,316.7041517,30,0.9969730475905595,1757381787.818748,5.278402528333333
i8ab9snl,playful-sweep-250,https://wandb.ai/marcocassar-belmont-university/dl_class_projects-CIFAR10-CNN/runs/i8ab9snl,42,30,2,0.3,1,SiLU,64,3,2,128,64,0.001,2,2,29,69.56,0.8656977970734276,64.18,292.6533087,30,1.0220082033971312,1757381773.2697783,4.8775551450000005
pbob3xx2,breezy-sweep-251,https://wandb.ai/marcocassar-belmont-university/dl_class_projects-CIFAR10-CNN/runs/pbob3xx2,42,30,2,0.3,1,SiLU,64,3,2,128,64,0.001,3,2,29,91.088,0.24435920037729356,67.11,302.0893011,30,1.3191197928349683,1757381797.0974064,5.034821685
f9ryf475,wobbly-sweep-252,https://wandb.ai/marcocassar-belmont-university/dl_class_projects-CIFAR10-CNN/runs/f9ryf475,42,30,2,0.3,1,SiLU,64,3,2,128,64,0.001,5,2,29,88.72,0.3281290943798659,72.39,323.8446837,30,0.9527098551677291,1757381936.0172994,5.397411395000001
nh7e0x1k,glorious-sweep-253,https://wandb.ai/marcocassar-belmont-university/dl_class_projects-CIFAR10-CNN/runs/nh7e0x1k,42,30,2,0.2,1,SiLU,64,3,3,128,64,0.0005,2,2,29,63.402,1.0389197911600323,60.32,402.8784996,30,1.1123161528520524,1757382077.5562522,6.71464166
exrhnh2t,magic-sweep-254,https://wandb.ai/marcocassar-belmont-university/dl_class_projects-CIFAR10-CNN/runs/exrhnh2t,42,30,2,0.2,1,SiLU,64,3,3,128,64,0.0005,3,2,29,87.478,0.35688228432632163,67.59,271.5736893,30,1.1111472032632037,1757381964.993985,4.526228155
ww4b1ay0,trim-sweep-255,https://wandb.ai/marcocassar-belmont-university/dl_class_projects-CIFAR10-CNN/runs/ww4b1ay0,42,30,2,0.2,1,SiLU,64,3,3,128,64,0.0005,5,2,29,93.89,0.1740192475650088,70.34,321.2822581,30,1.2527728392060395,1757382105.9780598,5.354704301666667
k8tpmhd9,splendid-sweep-256,https://wandb.ai/marcocassar-belmont-university/dl_class_projects-CIFAR10-CNN/runs/k8tpmhd9,42,30,2,0.2,1,SiLU,64,3,3,128,64,0.001,2,2,29,69.56,0.8656977970734276,64.18,299.7789022,30,1.0220082033971312,1757382100.0372753,4.996315036666667
vps2wt0k,playful-sweep-257,https://wandb.ai/marcocassar-belmont-university/dl_class_projects-CIFAR10-CNN/runs/vps2wt0k,42,30,2,0.2,1,SiLU,64,3,3,128,64,0.001,3,2,29,93.502,0.1772366676127057,66.02,271.9002926,30,1.5003736197568809,1757382081.4186404,4.531671543333333
yfy6ncwi,playful-sweep-258,https://wandb.ai/marcocassar-belmont-university/dl_class_projects-CIFAR10-CNN/runs/yfy6ncwi,42,30,2,0.2,1,SiLU,64,3,3,128,64,0.001,5,2,29,92.302,0.22157329921146182,70.63,318.2078522,30,1.1821538593359053,1757382264.4977598,5.303464203333333
mueu677z,autumn-sweep-259,https://wandb.ai/marcocassar-belmont-university/dl_class_projects-CIFAR10-CNN/runs/mueu677z,42,30,2,0.3,1,SiLU,64,3,3,128,64,0.0005,2,2,29,63.402,1.0389197911600323,60.32,294.8249975,30,1.1123161528520524,1757382271.9109151,4.913749958333333
ay3ohj3f,noble-sweep-260,https://wandb.ai/marcocassar-belmont-university/dl_class_projects-CIFAR10-CNN/runs/ay3ohj3f,42,30,2,0.3,1,SiLU,64,3,3,128,64,0.0005,3,2,29,85.306,0.4134298389029625,68.42,416.3080472,30,1.0207326605821112,1757382505.922178,6.938467453333333
bs3yqhyr,swift-sweep-261,https://wandb.ai/marcocassar-belmont-university/dl_class_projects-CIFAR10-CNN/runs/bs3yqhyr,42,30,2,0.3,1,SiLU,64,3,3,128,64,0.0005,5,2,29,90.472,0.27200524729040576,72.62,320.0445007,30,0.994912901311923,1757382413.350389,5.334075011666667
ycngykge,fast-sweep-262,https://wandb.ai/marcocassar-belmont-university/dl_class_projects-CIFAR10-CNN/runs/ycngykge,42,30,2,0.3,1,SiLU,64,3,3,128,64,0.001,2,2,29,69.56,0.8656977970734276,64.18,296.5342324,30,1.0220082033971312,1757382405.35634,4.942237206666666
lr70gaj1,mild-sweep-263,https://wandb.ai/marcocassar-belmont-university/dl_class_projects-CIFAR10-CNN/runs/lr70gaj1,42,30,2,0.3,1,SiLU,64,3,3,128,64,0.001,3,2,29,91.088,0.24435920037729356,67.11,305.2746059,30,1.3191197928349683,1757382418.8680427,5.087910098333333
imk87aeq,ancient-sweep-264,https://wandb.ai/marcocassar-belmont-university/dl_class_projects-CIFAR10-CNN/runs/imk87aeq,42,30,2,0.3,1,SiLU,64,3,3,128,64,0.001,5,2,29,88.914,0.3253736342958477,72.33,279.3677874,30,0.9766258635338704,1757382554.8167684,4.65612979
3z184jcz,stellar-sweep-265,https://wandb.ai/marcocassar-belmont-university/dl_class_projects-CIFAR10-CNN/runs/3z184jcz,42,30,2,0.2,1,SiLU,128,3,2,128,64,0.0005,2,2,29,60.77,1.1201390489897765,58.92,235.3871949,30,1.160408013983618,1757382516.270545,3.923119915
0azhvgdo,cosmic-sweep-266,https://wandb.ai/marcocassar-belmont-university/dl_class_projects-CIFAR10-CNN/runs/0azhvgdo,42,30,2,0.2,1,SiLU,128,3,2,128,64,0.0005,3,2,29,81.24,0.535213986854724,67.34,223.8162978,30,0.9720211640188966,1757382637.9349337,3.73027163
xvs7wirn,classic-sweep-267,https://wandb.ai/marcocassar-belmont-university/dl_class_projects-CIFAR10-CNN/runs/xvs7wirn,42,30,2,0.2,1,SiLU,128,3,2,128,64,0.0005,5,2,29,93.686,0.1787601614089878,70.38,231.08703,30,1.2607655849637864,1757382653.9840646,3.8514505
t7ok8iol,earthy-sweep-268,https://wandb.ai/marcocassar-belmont-university/dl_class_projects-CIFAR10-CNN/runs/t7ok8iol,42,30,2,0.2,1,SiLU,128,3,2,128,64,0.001,2,2,29,66.254,0.9612314228511527,62.35,217.9144272,30,1.0604114758817456,1757382645.2192764,3.63190712
9jou5z94,clean-sweep-269,https://wandb.ai/marcocassar-belmont-university/dl_class_projects-CIFAR10-CNN/runs/9jou5z94,42,30,2,0.2,1,SiLU,128,3,2,128,64,0.001,3,2,29,91.742,0.2352180721814675,66.72,360.3424927,30,1.287506541119346,1757382875.9819355,6.005708211666667
65j79bno,logical-sweep-270,https://wandb.ai/marcocassar-belmont-university/dl_class_projects-CIFAR10-CNN/runs/65j79bno,42,30,2,0.2,1,SiLU,128,3,2,128,64,0.001,5,2,29,93.452,0.18832799142507642,70.54,225.1127701,30,1.2434623988368843,1757382749.204499,3.7518795016666666
sk8e4z2r,sweet-sweep-271,https://wandb.ai/marcocassar-belmont-university/dl_class_projects-CIFAR10-CNN/runs/sk8e4z2r,42,30,2,0.3,1,SiLU,128,3,2,128,64,0.0005,2,2,29,60.77,1.1201390489897765,58.92,211.588685,30,1.160408013983618,1757382789.0231233,3.526478083333333
9x1ipnne,radiant-sweep-272,https://wandb.ai/marcocassar-belmont-university/dl_class_projects-CIFAR10-CNN/runs/9x1ipnne,42,30,2,0.3,1,SiLU,128,3,2,128,64,0.0005,3,2,29,79.506,0.579243142205431,67.51,217.7669684,30,0.947681759731679,1757382864.5558722,3.629449473333333
i66t7ti5,fluent-sweep-273,https://wandb.ai/marcocassar-belmont-university/dl_class_projects-CIFAR10-CNN/runs/i66t7ti5,42,30,2,0.3,1,SiLU,128,3,2,128,64,0.0005,5,2,29,89.71,0.2922403618426579,72.49,225.1100079,30,1.0023726960526238,1757382880.6275938,3.751833465
xu7jf08n,light-sweep-274,https://wandb.ai/marcocassar-belmont-university/dl_class_projects-CIFAR10-CNN/runs/xu7jf08n,42,30,2,0.3,1,SiLU,128,3,2,128,64,0.001,2,2,29,66.254,0.9612314228511527,62.35,213.0528391,30,1.0604114758817456,1757382878.5673735,3.5508806516666667
jibmlgkm,fearless-sweep-275,https://wandb.ai/marcocassar-belmont-university/dl_class_projects-CIFAR10-CNN/runs/jibmlgkm,42,30,2,0.3,1,SiLU,128,3,2,128,64,0.001,3,2,29,88.828,0.31041108418608565,67.35,215.6014832,30,1.1481776033775717,1757382972.7208042,3.593358053333333
qvzub8ee,dulcet-sweep-276,https://wandb.ai/marcocassar-belmont-university/dl_class_projects-CIFAR10-CNN/runs/qvzub8ee,42,30,2,0.3,1,SiLU,128,3,2,128,64,0.001,5,2,29,89.844,0.29592136623304516,72.14,224.3778765,30,0.9855533966535255,1757383024.865806,3.7396312750000003
4jhdjk7s,desert-sweep-277,https://wandb.ai/marcocassar-belmont-university/dl_class_projects-CIFAR10-CNN/runs/4jhdjk7s,42,30,2,0.2,1,SiLU,128,3,3,128,64,0.0005,2,2,29,60.77,1.1201390489897765,58.92,212.2699916,30,1.160408013983618,1757383087.3390677,3.5378331933333333
v2sa5ycm,good-sweep-278,https://wandb.ai/marcocassar-belmont-university/dl_class_projects-CIFAR10-CNN/runs/v2sa5ycm,42,30,2,0.2,1,SiLU,128,3,3,128,64,0.0005,3,2,29,81.24,0.535213986854724,67.34,360.4114485,30,0.9720211640188966,1757383245.3555334,6.006857475
9tfw8vex,confused-sweep-279,https://wandb.ai/marcocassar-belmont-university/dl_class_projects-CIFAR10-CNN/runs/9tfw8vex,42,30,2,0.2,1,SiLU,128,3,3,128,64,0.0005,5,2,29,93.686,0.1787601614089878,70.38,226.3828628,30,1.2607655849637864,1757383114.414189,3.7730477133333333
bipi5vqd,cerulean-sweep-280,https://wandb.ai/marcocassar-belmont-university/dl_class_projects-CIFAR10-CNN/runs/bipi5vqd,42,30,2,0.2,1,SiLU,128,3,3,128,64,0.001,2,2,29,66.254,0.9612314228511527,62.35,213.0239377,30,1.0604114758817456,1757383101.28087,3.5503989616666667
s08fdc1t,proud-sweep-281,https://wandb.ai/marcocassar-belmont-university/dl_class_projects-CIFAR10-CNN/runs/s08fdc1t,42,30,2,0.2,1,SiLU,128,3,3,128,64,0.001,3,2,29,91.742,0.2352180721814675,66.72,217.5903192,30,1.287506541119346,1757383198.2023542,3.62650532
is1ta5yd,dulcet-sweep-282,https://wandb.ai/marcocassar-belmont-university/dl_class_projects-CIFAR10-CNN/runs/is1ta5yd,42,30,2,0.2,1,SiLU,128,3,3,128,64,0.001,5,2,29,93.452,0.18832799142507642,70.54,225.2484667,30,1.2434623988368843,1757383258.7695558,3.7541411116666668
or44oljg,playful-sweep-283,https://wandb.ai/marcocassar-belmont-university/dl_class_projects-CIFAR10-CNN/runs/or44oljg,42,30,2,0.3,1,SiLU,128,3,3,128,64,0.0005,2,2,29,60.77,1.1201390489897765,58.92,210.6882135,30,1.160408013983618,1757383308.9712763,3.5114702249999996
l47wyxir,atomic-sweep-284,https://wandb.ai/marcocassar-belmont-university/dl_class_projects-CIFAR10-CNN/runs/l47wyxir,42,30,2,0.3,1,SiLU,128,3,3,128,64,0.0005,3,2,29,79.506,0.579243142205431,67.51,213.5084364,30,0.947681759731679,1757383325.5259752,3.55847394
5c3jwjju,happy-sweep-285,https://wandb.ai/marcocassar-belmont-university/dl_class_projects-CIFAR10-CNN/runs/5c3jwjju,42,30,2,0.3,1,SiLU,128,3,3,128,64,0.0005,5,2,29,89.71,0.2922403618426579,72.49,219.6848818,30,1.0023726960526238,1757383346.3794422,3.6614146966666667
pqkdch78,fluent-sweep-286,https://wandb.ai/marcocassar-belmont-university/dl_class_projects-CIFAR10-CNN/runs/pqkdch78,42,30,2,0.3,1,SiLU,128,3,3,128,64,0.001,2,2,29,66.254,0.9612314228511527,62.35,195.7162526,30,1.0604114758817456,1757383404.1508703,3.261937543333333
wakffzj1,atomic-sweep-287,https://wandb.ai/marcocassar-belmont-university/dl_class_projects-CIFAR10-CNN/runs/wakffzj1,42,30,2,0.3,1,SiLU,128,3,3,128,64,0.001,3,2,29,88.828,0.31041108418608565,67.35,371.7148758,30,1.1481776033775717,1757383627.2828217,6.19524793
0ev8di8j,jumping-sweep-288,https://wandb.ai/marcocassar-belmont-university/dl_class_projects-CIFAR10-CNN/runs/0ev8di8j,42,30,2,0.3,1,SiLU,128,3,3,128,64,0.001,5,2,29,89.844,0.29592136623304516,72.14,202.0301212,30,0.9855533966535255,1757383468.937402,3.3671686866666666
